code,fund_type,X,Y,symbol,issuer,manager_0,manager_1,manager_2,manager_3,manager_4
1,Hybrid,-4.098388,-15.934024,华夏成长,华夏基金管理有限公司,董阳阳,,,,
3,Bond,12.87904,-11.330901,中海可转债A,中海基金管理有限公司,彭海平,,,,
4,Bond,12.87904,-11.330901,中海可转债C,中海基金管理有限公司,彭海平,,,,
5,Bond,25.39047,-40.14048,嘉实增强信用,嘉实基金管理有限公司,刘宁,,,,
8,Stock,-5.8191366,23.749254,嘉实中证500ETF联接A,嘉实基金管理有限公司,陈正宪,何如,,,
11,Hybrid,11.605032,0.48176274,华夏大盘,华夏基金管理有限公司,陈伟彦,,,,
15,Bond,25.076433,4.958525,华夏纯债A,华夏基金管理有限公司,柳万军,,,,
16,Bond,26.277344,3.0866013,华夏纯债C,华夏基金管理有限公司,柳万军,,,,
17,Hybrid,-3.7144692,-43.283165,财通主题,财通基金管理有限公司,夏钦,,,,
20,Hybrid,-44.570454,0.24814373,景顺品质,景顺长城基金管理有限公司,詹成,,,,
21,Hybrid,12.111663,1.1452826,华夏优势,华夏基金管理有限公司,刘平,郑晓辉,,,
24,Bond,37.87581,22.86983,大摩双利A,摩根士丹利华鑫基金管理有限公司,张雪,,,,
25,Bond,37.87614,22.868996,大摩双利C,摩根士丹利华鑫基金管理有限公司,张雪,,,,
28,Bond,-16.53492,30.100246,华富安鑫,华富基金管理有限公司,张惠,,,,
29,Hybrid,-10.041858,3.9342465,富国策略,富国基金管理有限公司,袁宜,,,,
30,Hybrid,-11.707343,4.9144063,长城优选,长城基金管理有限公司,雷俊,,,,
31,Hybrid,-4.5811467,-43.44404,华夏复兴,华夏基金管理有限公司,周克平,,,,
32,Bond,32.812744,19.379425,易方达信用债A,易方达基金管理有限公司,胡剑,纪玲云,,,
33,Bond,32.81354,19.379425,易方达信用债C,易方达基金管理有限公司,胡剑,纪玲云,,,
39,Hybrid,-41.18556,4.8597236,农银低估值,农银汇理基金管理有限公司,张燕,,,,
42,Stock,0.18406288,37.180885,财通ESG100A,财通基金管理有限公司,苏俊杰,吴迪,朱海东,,
43,QDII,-8.359684,-20.704487,嘉实美国,嘉实基金管理有限公司,张自力,,,,
44,QDII,-8.359683,-20.704458,嘉实美国美元现汇,嘉实基金管理有限公司,张自力,,,,
45,Bond,30.635313,-34.76643,工银产业债A,工银瑞信基金管理有限公司,何秀红,,,,
46,Bond,30.563587,-34.77609,工银产业债B,工银瑞信基金管理有限公司,何秀红,,,,
47,Bond,26.495424,3.9765391,华夏双债A,华夏基金管理有限公司,柳万军,,,,
48,Bond,25.475264,4.780451,华夏双债C,华夏基金管理有限公司,柳万军,,,,
51,Stock,-41.680927,-21.452044,华夏300ETF联接A,华夏基金管理有限公司,张弘|,赵宗庭,,,
53,Bond,23.96452,26.48331,鹏华永诚,鹏华基金管理有限公司,刘涛,,,,
54,Bond,30.904213,-35.871384,鹏华增利,鹏华基金管理有限公司,刘太阳,,,,
56,Hybrid,-15.389398,2.8844662,建信消费,建信基金管理有限责任公司,邱宇航,,,,
57,Hybrid,-0.7553367,34.024532,中银消费,中银基金管理有限公司,钱亚风云,,,,
58,Hybrid,-1.3575869,-24.57981,国联安安泰,国联安基金管理有限公司,林渌,,,,
59,Stock,-2.945587,21.25004,国联安医药A,国联安基金管理有限公司,黄欣,,,,
61,Hybrid,-2.97748,-44.03263,华夏盛世,华夏基金管理有限公司,代瑞亮,王晓李,,,
63,Hybrid,-3.7065556,36.144085,长盛信息主题,长盛基金管理有限公司,钱文礼,朱律,,,
65,Hybrid,28.504347,19.065351,国富焦点,国海富兰克林基金管理有限公司,刘晓,刘怡敏,赵晓东,,
66,Hybrid,-45.072216,0.92018294,诺安鸿鑫,诺安基金管理有限公司,罗春蕾,,,,
67,Bond,-10.457691,39.141922,民生转债A,民生加银基金管理有限公司,邱世磊,,,,
68,Bond,-10.4597,39.14302,民生转债C,民生加银基金管理有限公司,邱世磊,,,,
69,Bond,-14.189271,33.15213,国投中高债A,国投瑞银基金管理有限公司,宋璐,,,,
70,Bond,-14.189275,33.151928,国投中高债C,国投瑞银基金管理有限公司,宋璐,,,,
72,Hybrid,-12.155395,4.487871,华安稳健,华安基金管理有限公司,舒灏,郑可成,,,
73,Hybrid,-17.297918,2.4037151,上投成长,上投摩根基金管理有限公司,刘辉,,,,
80,Bond,24.701654,3.625949,天治可转债A,天治基金管理有限公司,王洋,,,,
81,Bond,25.56781,4.526316,天治可转债C,天治基金管理有限公司,王洋,,,,
82,Stock,17.696495,-8.35126,嘉实研究,嘉实基金管理有限公司,张丹华,张露,,,
83,Hybrid,-2.9455776,26.907867,汇添富消费,汇添富基金管理股份有限公司,胡昕炜,,,,
84,Bond,23.969913,-36.93338,博时安盈A,博时基金管理有限公司,黄海峰,,,,
85,Bond,23.969913,-36.93338,博时安盈C,博时基金管理有限公司,黄海峰,,,,
86,Bond,23.97057,-36.93316,南方稳利A,南方基金管理股份有限公司,何康,,,,
87,Bond,-0.16052474,39.05829,嘉实中证ETF联接A,嘉实基金管理有限公司,曲扬,王亚洲,,,
88,Bond,-0.16053066,39.058678,嘉实中证ETF联接C,嘉实基金管理有限公司,曲扬,王亚洲,,,
104,Bond,44.366528,13.58086,华宸添利A,华宸未来基金管理有限公司,应晓立,,,,
105,Bond,22.036777,-36.034996,建信安心A,建信基金管理有限责任公司,闫晗,,,,
106,Bond,22.036777,-36.035,建信安心C,建信基金管理有限责任公司,闫晗,,,,
107,Bond,41.70545,10.329428,富国稳健A/B,富国基金管理有限公司,俞晓斌,,,,
109,Bond,41.703453,10.334639,富国稳健C,富国基金管理有限公司,俞晓斌,,,,
113,Bond,25.94907,-39.0599,嘉实如意宝A/B,嘉实基金管理有限公司,刘宁,,,,
115,Bond,25.955128,-39.063126,嘉实如意宝C,嘉实基金管理有限公司,刘宁,,,,
116,Bond,25.949085,-39.059906,嘉实丰益纯债,嘉实基金管理有限公司,曲扬,,,,
117,Hybrid,-44.564182,1.1415728,广发轮动,广发基金管理有限公司,吴兴武,,,,
118,Bond,37.86095,19.81398,广发聚鑫A,广发基金管理有限公司,张芊,,,,
119,Bond,37.86095,19.81398,广发聚鑫C,广发基金管理有限公司,张芊,,,,
120,Hybrid,-17.212456,-2.1032782,中银美丽,中银基金管理有限公司,王伟,严菲,,,
121,Hybrid,25.955128,-39.063126,华夏永福A,华夏基金管理有限公司,何家琪,,,,
122,Bond,27.217884,4.049442,汇添富实业债A,汇添富基金管理股份有限公司,蒋文玲,曾刚,,,
123,Bond,26.822306,4.100024,汇添富实业债C,汇添富基金管理股份有限公司,蒋文玲,曾刚,,,
124,Hybrid,-2.7285178,18.65719,华宝优选,华宝基金管理有限公司,楼鸿强,,,,
126,Hybrid,-6.758097,-2.0242236,招商安润,招商基金管理有限公司,尹晓红,钟,,,
127,Hybrid,-41.1536,4.850546,农银领先,农银汇理基金管理有限公司,张峰,,,,
128,Bond,29.488,23.192785,大成景安A,大成基金管理有限公司,欧阳亮,,,,
129,Bond,29.487198,23.192846,大成景安B,大成基金管理有限公司,欧阳亮,,,,
130,Bond,26.270906,4.943144,大成景兴A,大成基金管理有限公司,孙丹,王立,,,
131,Bond,26.210579,4.2166023,大成景兴C,大成基金管理有限公司,孙丹,王立,,,
136,Hybrid,28.503658,19.065392,民生策略,民生加银基金管理有限公司,孙伟,,,,
139,Bond,-14.196812,33.14573,富国企业债A/B,富国基金管理有限公司,王颀亮,张波,,,
141,Bond,-14.196817,33.145714,富国企业债C,富国基金管理有限公司,王颀亮,张波,,,
142,Bond,43.415993,13.9438925,融通增强A,融通基金管理有限公司,王超,余志勇,,,
143,Bond,30.511139,-35.84995,鹏华加利,鹏华基金管理有限公司,王石千,,,,
147,Bond,33.440655,16.713114,易方达高等债A,易方达基金管理有限公司,胡剑,林森,,,
148,Bond,33.44034,16.713106,易方达高等债C,易方达基金管理有限公司,胡剑,林森,,,
149,Bond,27.269764,21.927238,华安双债A,华安基金管理有限公司,贺涛,朱才敏,,,
150,Bond,27.27049,21.927317,华安双债C,华安基金管理有限公司,贺涛,朱才敏,,,
152,Bond,26.53478,5.685698,大成景旭A,大成基金管理有限公司,陈会荣,方孝成,,,
153,Bond,26.69698,3.2768185,大成景旭C,大成基金管理有限公司,陈会荣,方孝成,,,
165,Hybrid,-11.707343,4.9144063,国投策略,国投瑞银基金管理有限公司,吉莉,颜文浩,,,
166,Hybrid,-3.6950028,35.788574,中海信息产业,中海基金管理有限公司,刘俊,,,,
167,Hybrid,-34.046772,5.3307204,广发聚优A,广发基金管理有限公司,张东一,,,,
171,Bond,30.514645,-35.85209,易方达裕丰,易方达基金管理有限公司,张清华,张雅君,,,
172,Hybrid,-41.682144,-21.453201,华泰增强A,华泰柏瑞基金管理有限公司,田汉卿,,,,
173,Hybrid,-44.66989,1.1530075,汇添富美丽,汇添富基金管理股份有限公司,王栩,,,,
174,Bond,26.076439,5.3880076,汇添富高息债A,汇添富基金管理股份有限公司,徐光,,,,
175,Bond,24.435696,4.6005464,汇添富高息债C,汇添富基金管理股份有限公司,徐光,,,,
181,Bond,-3.949055,42.253014,景顺金利A,景顺长城基金管理有限公司,袁媛,,,,
182,Bond,-4.302117,43.14141,景顺金利C,景顺长城基金管理有限公司,袁媛,,,,
183,Bond,25.949072,-39.0599,嘉实丰益策略,嘉实基金管理有限公司,胡永青,曲扬,,,
184,Bond,30.209671,-35.554264,工银添福A,工银瑞信基金管理有限公司,李昱,张洋,,,
185,Bond,30.209671,-35.554264,工银添福B,工银瑞信基金管理有限公司,李昱,张洋,,,
186,Bond,25.955128,-39.063126,华泰季季红,华泰柏瑞基金管理有限公司,罗远航,,,,
187,Bond,44.22318,13.214571,华泰丰盛A,华泰柏瑞基金管理有限公司,陈东,何子建,,,
188,Bond,44.260098,13.245141,华泰丰盛C,华泰柏瑞基金管理有限公司,陈东,何子建,,,
190,Hybrid,-9.811441,4.3531413,中银新回报,中银基金管理有限公司,李建,,,,
191,Bond,40.024364,24.46795,富国信用债A/B,富国基金管理有限公司,黄纪亮,,,,
192,Bond,40.024364,24.46795,富国信用债C,富国基金管理有限公司,黄纪亮,,,,
194,Bond,42.977123,14.769457,银华四季红A,银华基金管理股份有限公司,邹维娜,,,,
199,Hybrid,-32.66981,-5.3706107,国泰量化策略,国泰基金管理有限公司,高崇南,,,,
205,Bond,33.440617,16.713112,易方达投资信用A,易方达基金管理有限公司,王晓晨,,,,
206,Bond,33.439953,16.71309,易方达投资信用C,易方达基金管理有限公司,王晓晨,,,,
207,Bond,42.579994,13.066252,建信双债A,建信基金管理有限责任公司,彭紫云,朱虹,,,
208,Bond,43.11507,12.724111,建信双债C,建信基金管理有限责任公司,彭紫云,朱虹,,,
209,Hybrid,-2.6276526,23.980894,信诚产业,中信保诚基金管理有限公司,杨旭,郑伟,,,
215,Hybrid,-33.98983,4.884912,广发趋势,广发基金管理有限公司,谭昌杰,谢军,,,
216,Related,-6.7232623,-32.191814,华安黄金易ETF联接A,华安基金管理有限公司,许之彦,,,,
217,Related,-6.723222,-32.192333,华安黄金易ETF联接C,华安基金管理有限公司,许之彦,,,,
219,Hybrid,-4.098388,-15.934098,博时裕益,博时基金管理有限公司,周心鹏,,,,
220,Hybrid,-4.4436297,20.490253,富国医疗,富国基金管理有限公司,于洋,,,,
221,Bond,25.39049,-40.140427,汇添富年年利A,汇添富基金管理股份有限公司,徐光,,,,
222,Bond,25.390472,-40.14048,汇添富年年利C,汇添富基金管理股份有限公司,徐光,,,,
236,Bond,30.343744,-34.960297,工银月月薪A,工银瑞信基金管理有限公司,张洋,,,,
241,Hybrid,-2.5118978,-27.458433,宝盈核心C,宝盈基金管理有限公司,李健伟,,,,
242,Hybrid,-34.04608,5.329553,景顺策略,景顺长城基金管理有限公司,张靖,,,,
251,Hybrid,-37.24589,-16.21509,工银地产,工银瑞信基金管理有限公司,王君正,鄢耀,,,
252,Bond,-5.1384115,42.232613,景顺景兴A,景顺长城基金管理有限公司,何江波,,,,
253,Bond,-5.1489015,42.289623,景顺景兴C,景顺长城基金管理有限公司,何江波,,,,
256,Hybrid,-31.441988,-1.4668275,上投红利A,上投摩根基金管理有限公司,聂曙光,,,,
259,Hybrid,-41.995266,-18.654839,农银区间,农银汇理基金管理有限公司,陈富权,,,,
263,Hybrid,-3.702039,35.768864,工银信息,工银瑞信基金管理有限公司,单文,,,,
264,Hybrid,-35.44692,4.925247,博时内需,博时基金管理有限公司,陈雷,刘阳,,,
273,Hybrid,-8.614356,4.834186,华润安鑫,华润元大基金管理有限公司,刘宏毅,袁华涛,,,
279,Hybrid,-0.14394201,13.703722,华商红利,华商基金管理有限公司,邓默,王东旋,,,
286,Bond,43.94305,14.376515,银华季季红A,银华基金管理股份有限公司,邹维娜,,,,
306,Bond,31.269457,-35.400826,天弘弘利,天弘基金管理有限公司,姜晓丽,王林,,,
308,Hybrid,-15.389397,2.884466,建信创新,建信基金管理有限责任公司,邵卓,,,,
311,Stock,-41.68092,-21.452042,景顺300,景顺长城基金管理有限公司,黎海威,,,,
312,Stock,-39.53932,-21.493649,华安量化A,华安基金管理有限公司,孙晨进,许之彦,,,
313,Stock,-39.53932,-21.493649,华安量化C,华安基金管理有限公司,孙晨进,许之彦,,,
314,Hybrid,-9.976275,4.1015286,招商瑞丰A,招商基金管理有限公司,王刚,,,,
338,Bond,30.832888,-34.6782,鹏华双债,鹏华基金管理有限公司,刘太阳,,,,
346,Bond,42.411884,14.462501,建信安心回报A,建信基金管理有限责任公司,黎颖芳,闫晗,,,
347,Bond,43.323997,13.344178,建信安心回报C,建信基金管理有限责任公司,黎颖芳,闫晗,,,
362,Hybrid,-3.2890446,-43.421555,国泰聚信A,国泰基金管理有限公司,程洲,,,,
363,Hybrid,-3.6431632,-44.401295,国泰聚信C,国泰基金管理有限公司,程洲,,,,
368,Stock,-37.443,-15.409386,汇添富动态策略,汇添富基金管理股份有限公司,吴振翔,,,,
385,Bond,30.732431,-35.803543,景顺景颐双利A,景顺长城基金管理有限公司,毛从容,,,,
386,Bond,30.965895,-35.835094,景顺景颐双利C,景顺长城基金管理有限公司,毛从容,,,,
390,Hybrid,-1.9565364,-24.282242,华商优势,华商基金管理有限公司,周海栋,,,,
395,Bond,25.641323,5.244248,汇添富安心A,汇添富基金管理股份有限公司,何F,茹奕菡,,,
396,Bond,25.261385,3.152285,汇添富安心C,汇添富基金管理股份有限公司,何F,茹奕菡,,,
404,Hybrid,1.8502707,18.375244,易方达新兴,易方达基金管理有限公司,刘武,,,,
408,Hybrid,-37.325436,1.0943484,民生城镇,民生加银基金管理有限公司,柳世庆,,,,
414,Hybrid,23.969915,-36.933376,嘉实绝对收益,嘉实基金管理有限公司,刘斌,,,,
418,Stock,-42.092743,-17.563744,景顺成长之星,景顺长城基金管理有限公司,刘晓明,,,,
428,Bond,30.514248,7.5823884,易方达聚盈,易方达基金管理有限公司,李一硕,,,,
435,Bond,43.35854,13.851856,建信添利A,建信基金管理有限责任公司,朱建华,,,,
436,Hybrid,32.452755,-35.653103,易方达裕惠,易方达基金管理有限公司,胡剑,,,,
1001,Bond,-5.841988,42.35596,华夏债券A/B,华夏基金管理有限公司,何家琪,,,,
1003,Bond,-5.134502,41.484287,华夏债券C类,华夏基金管理有限公司,何家琪,,,,
1011,Bond,-4.13157,41.86259,华夏希望A,华夏基金管理有限公司,何家琪,,,,
1013,Bond,-5.573897,42.856045,华夏希望C,华夏基金管理有限公司,何家琪,,,,
1021,Bond,20.201147,9.489572,华夏亚债A,华夏基金管理有限公司,柳万军,,,,
1023,Bond,20.200788,9.490185,华夏亚债C,华夏基金管理有限公司,柳万军,,,,
1031,Bond,31.099112,21.471659,华夏安康A,华夏基金管理有限公司,柳万军,,,,
1033,Bond,31.099112,21.47166,华夏安康C,华夏基金管理有限公司,柳万军,,,,
2001,Hybrid,22.036777,-36.035,华夏回报A,华夏基金管理有限公司,蔡向阳,,,,
2011,Hybrid,12.041165,-0.6905639,华夏红利,华夏基金管理有限公司,陈虎,王怡欢,赵航,,
2021,Hybrid,22.036777,-36.035,华夏回报二号,华夏基金管理有限公司,蔡向阳,,,,
2031,Hybrid,-1.3628395,-24.57911,华夏策略,华夏基金管理有限公司,林晶,,,,
20001,Hybrid,-32.961212,-7.168164,国泰金鹰,国泰基金管理有限公司,周伟锋,,,,
20002,Bond,-4.6884737,41.53224,国泰债券A,国泰基金管理有限公司,吴晨,,,,
20003,Hybrid,15.358636,-4.385252,国泰精选,国泰基金管理有限公司,杨飞,,,,
20005,Hybrid,15.360542,-4.382984,国泰金马,国泰基金管理有限公司,李恒,,,,
20009,Hybrid,12.554784,-1.0449494,国泰金鹏,国泰基金管理有限公司,饶玉涵,,,,
20010,Hybrid,-3.781387,-43.90324,国泰金牛,国泰基金管理有限公司,程洲,,,,
20011,Stock,-39.559044,-24.379782,国泰300A,国泰基金管理有限公司,艾小军,,,,
20012,Bond,-3.9348392,42.33242,国泰债券C,国泰基金管理有限公司,吴晨,,,,
20015,Hybrid,-3.5480902,-42.001694,国泰区位,国泰基金管理有限公司,饶玉涵,,,,
20018,Hybrid,-17.212456,-2.1032782,国泰金鹿混合,国泰基金管理有限公司,李海,,,,
20019,Bond,-14.047796,28.110126,国泰双利A,国泰基金管理有限公司,吴晨,,,,
20020,Bond,-14.047796,28.110126,国泰双利C,国泰基金管理有限公司,吴晨,,,,
20021,Stock,-10.14584,-26.344198,国泰180ETF联接,国泰基金管理有限公司,艾小军,,,,
20023,Hybrid,-33.249836,-6.757992,国泰驱动,国泰基金管理有限公司,林小聪,,,,
20026,Hybrid,-33.24985,-6.75802,国泰成长,国泰基金管理有限公司,申坤,,,,
20033,Bond,25.954393,-39.062687,国泰民安A,国泰基金管理有限公司,韩哲昊,,,,
20034,Bond,25.949097,-39.059917,国泰民安C,国泰基金管理有限公司,韩哲昊,,,,
40001,Hybrid,-12.533196,0.32511812,华安创新,华安基金管理有限公司,杨明,,,,
40002,Stock,17.694641,-8.358654,华安中国A股,华安基金管理有限公司,马韬,许之彦,,,
40004,Hybrid,0.25965828,3.308758,华安宝利,华安基金管理有限公司,陈媛,,,,
40005,Hybrid,-39.559208,-24.379795,华安宏利,华安基金管理有限公司,王春,,,,
40007,Hybrid,0.6113952,2.8545609,华安成长,华安基金管理有限公司,李欣,,,,
40008,Hybrid,-12.738223,0.21324894,华安优选,华安基金管理有限公司,杨明,,,,
40009,Bond,24.3074,25.58129,华安收益A,华安基金管理有限公司,贺涛,,,,
40010,Bond,23.410824,26.809284,华安收益B,华安基金管理有限公司,贺涛,,,,
40011,Hybrid,-12.738436,0.2130939,华安核心,华安基金管理有限公司,陆秋渊,盛骅,,,
40012,Bond,23.512238,7.1018596,华安强债A,华安基金管理有限公司,苏玉平,,,,
40013,Bond,23.51233,7.1018233,华安强债B,华安基金管理有限公司,苏玉平,,,,
40015,Hybrid,-12.155395,4.487871,华安灵活,华安基金管理有限公司,蒋G,,,,
40016,Hybrid,-16.8845,1.5619256,华安行业,华安基金管理有限公司,陈媛,饶晓鹏,,,
40018,QDII,17.744614,-6.9971666,华安香港,华安基金管理有限公司,苏圻涵,翁启森,,,
40019,Bond,43.075,13.475631,华安稳固C,华安基金管理有限公司,石雨欣,郑可成,,,
40020,Hybrid,-17.512806,1.7790616,华安升级,华安基金管理有限公司,饶晓鹏,,,,
40021,QDII,9.942391,-6.5519247,华安大中华,华安基金管理有限公司,苏圻涵,翁启森,,,
40022,Bond,0.8995077,3.682458,华安可转债A,华安基金管理有限公司,贺涛,,,,
40023,Bond,0.8995076,3.682458,华安可转债B,华安基金管理有限公司,贺涛,,,,
40025,Hybrid,-0.67470795,16.357508,华安科技,华安基金管理有限公司,谢振东,,,,
40026,Bond,30.985071,21.266962,华安四季红A,华安基金管理有限公司,苏玉平,,,,
40035,Hybrid,-16.996935,1.9887677,华安逆向,华安基金管理有限公司,崔莹,,,,
40036,Bond,26.481752,-33.644245,华安安心A,华安基金管理有限公司,郑可成,,,,
40037,Bond,26.459806,-33.997498,华安安心B,华安基金管理有限公司,郑可成,,,,
40040,Bond,24.469763,4.676457,华安纯债A,华安基金管理有限公司,苏玉平,郑如熙,,,
40041,Bond,26.913994,5.576655,华安纯债C,华安基金管理有限公司,苏玉平,郑如熙,,,
40045,Bond,36.971886,19.458746,华安添鑫A,华安基金管理有限公司,马晓璇,郑如熙,,,
40046,QDII,-3.9592826,-17.08324,华安纳指,华安基金管理有限公司,倪斌,,,,
40180,Stock,3.5814688,-19.438684,华安180ETF联接,华安基金管理有限公司,许之彦,,,,
40190,Stock,-9.881582,-25.17711,华安龙头ETF联接,华安基金管理有限公司,苏卿云,,,,
50001,Hybrid,-14.289057,3.4204242,博时价值,博时基金管理有限公司,金晟哲,,,,
50002,Stock,-40.330666,-22.779175,博时300A,博时基金管理有限公司,桂征辉,,,,
50004,Hybrid,11.595773,0.6260161,博时精选,博时基金管理有限公司,李权胜,杨鹏,,,
50006,Bond,-4.65453,41.534756,博时稳定B,博时基金管理有限公司,张李陵,,,,
50007,Hybrid,11.518702,2.361536,博时平衡,博时基金管理有限公司,刘思甸,张李陵,,,
50008,Hybrid,-18.032652,1.9848394,博时三产,博时基金管理有限公司,韩茂华,李佳,,,
50009,Hybrid,-17.928322,1.4578061,博时新兴,博时基金管理有限公司,曾鹏,,,,
50010,Hybrid,-16.985119,1.9485558,博时特许A,博时基金管理有限公司,肖瑞瑾,曾鹏,,,
50011,Bond,21.35738,23.41473,博时信用债券A/B,博时基金管理有限公司,过钧,,,,
50012,Hybrid,-12.308322,4.6547747,博时策略,博时基金管理有限公司,孙少锋,,,,
50013,Stock,-11.60547,-27.897432,博时超大ETF联接,博时基金管理有限公司,万琼,,,,
50014,Hybrid,-6.0470877,31.357445,博时创业A,博时基金管理有限公司,韩茂华,,,,
50016,Bond,-15.32913,29.244955,博时宏观A/B,博时基金管理有限公司,王申,王衍胜,,,
50018,Hybrid,-18.019978,2.0508773,博时行业,博时基金管理有限公司,陈雷,,,,
50019,Bond,-5.1877604,43.11839,博时转债A,博时基金管理有限公司,邓欣雨,过钧,,,
50022,Hybrid,25.948942,-39.05978,博时回报,博时基金管理有限公司,肖瑞瑾,,,,
50023,Bond,31.269457,-35.400826,博时天颐A,博时基金管理有限公司,王衍胜,张李陵,,,
50024,Stock,-8.637036,-25.472534,博时资源ETF联接,博时基金管理有限公司,万琼,王祥,,,
50026,Hybrid,-4.458072,20.475962,博时医疗,博时基金管理有限公司,葛晨,,,,
50027,Bond,31.121956,21.726515,博时纯债A,博时基金管理有限公司,张李陵,,,,
50106,Bond,-4.7719584,42.140675,博时稳定A,博时基金管理有限公司,张李陵,,,,
50111,Bond,21.35738,23.41473,博时信用债券C,博时基金管理有限公司,过钧,,,,
50116,Bond,-15.602231,29.170675,博时宏观C,博时基金管理有限公司,王申,王衍胜,,,
50119,Bond,-5.7569237,42.605476,博时转债C,博时基金管理有限公司,邓欣雨,过钧,,,
50123,Bond,31.229294,-35.087406,博时天颐C,博时基金管理有限公司,王衍胜,张李陵,,,
50201,Hybrid,-14.289057,3.4204242,博时价值贰,博时基金管理有限公司,蒋娜,,,,
70001,Hybrid,7.9696627,-22.666018,嘉实成长A,嘉实基金管理有限公司,邵秋涛,,,,
70002,Hybrid,-2.7371807,-11.871709,嘉实增长,嘉实基金管理有限公司,归凯,,,,
70003,Hybrid,-2.7437985,-11.897479,嘉实稳健,嘉实基金管理有限公司,归凯,张淼,,,
70005,Bond,24.937258,25.41506,嘉实债券,嘉实基金管理有限公司,曲扬,,,,
70006,Hybrid,-17.208366,1.2836038,嘉实服务,嘉实基金管理有限公司,李帅,,,,
70009,Bond,23.97057,-36.93316,嘉实短债,嘉实基金管理有限公司,李,李金灿,,,
70010,Hybrid,-40.330666,-22.779175,嘉实主题,嘉实基金管理有限公司,方晗,,,,
70011,Hybrid,-2.8241491,-32.91273,嘉实策略,嘉实基金管理有限公司,谢泽林,,,,
70012,QDII,18.849733,-10.510191,嘉实海外,嘉实基金管理有限公司,蒋一茜,,,,
70013,Hybrid,-40.66699,-19.858526,嘉实精选A,嘉实基金管理有限公司,张丹华,张露,,,
70015,Bond,23.876188,26.075869,嘉实多元A,嘉实基金管理有限公司,王茜,,,,
70016,Bond,24.364773,26.026163,嘉实多元B,嘉实基金管理有限公司,王茜,,,,
70017,Hybrid,-1.0908163,15.755752,嘉实量化,嘉实基金管理有限公司,金猛,张楠,,,
70018,Hybrid,22.036798,-36.034996,嘉实回报,嘉实基金管理有限公司,常蓁,,,,
70019,Hybrid,-40.66903,-19.857935,嘉实价值,嘉实基金管理有限公司,谭丽,,,,
70020,Bond,25.494602,-33.963806,嘉实稳固,嘉实基金管理有限公司,胡永青,曲扬,,,
70021,Hybrid,-40.66907,-19.85808,嘉实动力,嘉实基金管理有限公司,曲盛伟,,,,
70022,Hybrid,-40.669018,-19.857931,嘉实领先,嘉实基金管理有限公司,邵秋涛,,,,
70023,Stock,-9.786305,-18.154774,嘉实深证120ETF联接A,嘉实基金管理有限公司,李直,刘珈吟,,,
70025,Bond,24.99143,25.960009,嘉实信用债A,嘉实基金管理有限公司,胡永青,,,,
70026,Bond,24.58239,26.669437,嘉实信用债C,嘉实基金管理有限公司,胡永青,,,,
70027,Hybrid,-40.668003,-19.85821,嘉实周期,嘉实基金管理有限公司,吴云峰,,,,
70030,Stock,-3.3315666,-21.148504,嘉实中创400联接A,嘉实基金管理有限公司,李直,刘珈吟,,,
70031,QDII,15.437535,-3.4041212,嘉实全球,嘉实基金管理有限公司,蔡德森,,,,
70032,Hybrid,-0.26914266,21.717926,嘉实优化,嘉实基金管理有限公司,常蓁,,,,
70037,Bond,23.413841,25.542542,嘉实纯债A,嘉实基金管理有限公司,曲扬,,,,
70038,Bond,24.249441,25.934082,嘉实纯债C,嘉实基金管理有限公司,曲扬,,,,
70099,Hybrid,-40.668003,-19.858212,嘉实优质,嘉实基金管理有限公司,胡涛,,,,
80001,Hybrid,13.715538,-8.064847,长盛成长,长盛基金管理有限公司,冯雨生,,,,
80002,Hybrid,-2.5118499,-27.4591,长盛先锋,长盛基金管理有限公司,赵宏宇,,,,
80003,Bond,-15.056975,27.310677,长盛积极,长盛基金管理有限公司,段鹏,冯雨生,王赛飞,,
80005,Hybrid,-0.5769521,22.24642,长盛红利,长盛基金管理有限公司,冯雨生,,,,
80007,Hybrid,-35.44923,4.945078,长盛同鑫,长盛基金管理有限公司,冯雨生,,,,
80008,Hybrid,-2.1207976,24.644096,长盛战略A,长盛基金管理有限公司,冯雨生,李琪,,,
80012,Hybrid,-2.283782,23.371548,长盛电子,长盛基金管理有限公司,钱文礼,,,,
80015,Hybrid,-5.081769,24.327002,长盛中小盘,长盛基金管理有限公司,陈亘斯,,,,
90001,Hybrid,-17.422218,-2.076039,大成价值,大成基金管理有限公司,李本刚,李林益,杨挺,,
90002,Bond,22.916546,26.005095,大成债券A/B,大成基金管理有限公司,王立,,,,
90003,Hybrid,0.062297337,3.6234353,大成蓝筹,大成基金管理有限公司,侯春燕,,,,
90004,Hybrid,-15.391964,2.8895986,大成精选,大成基金管理有限公司,李博,,,,
90006,Hybrid,20.68865,22.921448,大成2020,大成基金管理有限公司,陈会荣,孙丹,王磊,,
90007,Hybrid,-17.60612,-2.3146415,大成策略,大成基金管理有限公司,侯春燕,,,,
90009,Hybrid,-32.966885,-7.1689425,大成行业,大成基金管理有限公司,王磊,,,,
90010,Stock,-0.24170844,21.719517,大成红利,大成基金管理有限公司,夏高,,,,
90011,Hybrid,-32.672424,-5.3696933,大成核心,大成基金管理有限公司,苏秉毅,张钟玉,,,
90012,Stock,-9.946413,-17.135653,大成深成长ETF联接,大成基金管理有限公司,张钟玉,,,,
90013,Hybrid,-16.399096,-2.2255938,大成竞争,大成基金管理有限公司,李本刚,周志超,,,
90015,Hybrid,-33.267082,-6.81443,大成内需A,大成基金管理有限公司,李本刚,李博,,,
90016,Hybrid,-0.6183849,34.533592,大成消费,大成基金管理有限公司,韩创,,,,
90017,Bond,12.75197,-11.545959,大成可转债,大成基金管理有限公司,李富强,,,,
90018,Hybrid,-32.870052,-7.1649685,大成新锐,大成基金管理有限公司,韩创,,,,
90019,Hybrid,-32.570732,-6.7678504,大成景恒A,大成基金管理有限公司,苏秉毅,,,,
90020,Hybrid,-3.9502623,12.174725,大成健康,大成基金管理有限公司,杨挺,,,,
92002,Bond,23.098171,26.52191,大成债C,大成基金管理有限公司,王立,,,,
100016,Hybrid,-8.40667,-2.0691528,富国天源,富国基金管理有限公司,易智泉,俞晓斌,,,
100018,Bond,24.208708,24.900393,富国天利,富国基金管理有限公司,黄纪亮,,,,
100020,Hybrid,-41.8469,-18.25037,富国天益,富国基金管理有限公司,李晓铭,许炎,,,
100022,Hybrid,7.752708,-22.517275,富国天瑞,富国基金管理有限公司,厉叶淼,,,,
100026,Hybrid,-10.492904,-2.8364108,富国天合,富国基金管理有限公司,杨栋,张啸伟,,,
100029,Hybrid,-6.7580395,-2.0242198,富国天成,富国基金管理有限公司,侯梧,俞晓斌,,,
100032,Stock,-0.15932386,21.665356,富国红利,富国基金管理有限公司,方F,徐幼华,,,
100035,Bond,21.603607,5.8193436,富国优化A/B,富国基金管理有限公司,俞晓斌,张明凯,,,
100037,Bond,21.60405,5.8195505,富国优化C,富国基金管理有限公司,俞晓斌,张明凯,,,
100038,Stock,-41.68092,-21.452042,富国300,富国基金管理有限公司,方F,李笑薇,,,
100039,Hybrid,-17.422218,-2.076039,富国主题,富国基金管理有限公司,曹晋,易智泉,,,
100051,Bond,0.6275974,3.6544158,富国可转债,富国基金管理有限公司,俞晓斌,张明凯,,,
100053,Stock,5.341132,-19.805668,富国综指ETF联接,富国基金管理有限公司,方F,王保合,,,
100056,Hybrid,-17.30977,-2.540221,富国低碳,富国基金管理有限公司,魏伟,,,,
100058,Bond,26.065926,3.6252346,富国产业债A,富国基金管理有限公司,黄纪亮,武磊,,,
100060,Hybrid,-0.8953391,16.544125,富国高新,富国基金管理有限公司,李元博,,,,
100066,Bond,26.60896,4.550685,富国纯债A/B,富国基金管理有限公司,武磊,,,,
100068,Bond,25.230715,4.374757,富国纯债C,富国基金管理有限公司,武磊,,,,
110001,Hybrid,7.9696407,-22.66529,易方达平稳,易方达基金管理有限公司,陈皓,,,,
110002,Hybrid,7.7974916,-22.560764,易方达策略,易方达基金管理有限公司,梁裕宁,,,,
110003,Stock,3.5968685,-19.459543,易方达50A,易方达基金管理有限公司,张胜记,,,,
110005,Hybrid,7.9696407,-22.66529,易方达积极,易方达基金管理有限公司,王超,,,,
110007,Bond,38.241398,20.182034,易方达收益A,易方达基金管理有限公司,胡剑,,,,
110008,Bond,38.241398,20.182034,易方达收益B,易方达基金管理有限公司,胡剑,,,,
110009,Hybrid,-4.6694865,-42.66601,易方达价值,易方达基金管理有限公司,葛秋石,,,,
110010,Hybrid,-2.6675205,-30.003176,易方达成长,易方达基金管理有限公司,林高榜,武阳,,,
110011,Hybrid,0.5579119,2.9413404,易方达中小盘,易方达基金管理有限公司,张坤,,,,
110012,Hybrid,-11.888879,-1.4486616,易方达科汇,易方达基金管理有限公司,付浩,祁禾,,,
110013,Hybrid,-0.2428829,21.573204,易方达科翔,易方达基金管理有限公司,陈皓,,,,
110015,Hybrid,-17.753044,2.385614,易方达行业,易方达基金管理有限公司,冯波,,,,
110017,Bond,37.711147,20.185535,易方达回报A,易方达基金管理有限公司,王晓晨,张雅君,,,
110018,Bond,37.929604,20.36363,易方达回报B,易方达基金管理有限公司,王晓晨,张雅君,,,
110019,Stock,-8.676749,-17.512472,易方达深证100ETF联接A,易方达基金管理有限公司,成曦,刘树荣,,,
110020,Stock,-39.776024,-21.38351,易方达300ETF联接A,易方达基金管理有限公司,杨俊,余海燕,,,
110021,Stock,-10.342088,-25.812952,易方达中盘ETF联接A,易方达基金管理有限公司,刘树荣,,,,
110022,Stock,-0.6490402,34.393677,易方达消费,易方达基金管理有限公司,萧楠,,,,
110023,Hybrid,-3.9325178,12.198882,易方达医疗,易方达基金管理有限公司,杨桢霄,,,,
110025,Hybrid,0.3410441,33.97876,易方达资源,易方达基金管理有限公司,兰传杰,,,,
110026,Stock,-5.408492,-20.287287,易方达创业板ETF联接A,易方达基金管理有限公司,成曦,刘树荣,,,
110027,Bond,31.229294,-35.087406,易方达安心A,易方达基金管理有限公司,张清华,,,,
110028,Bond,31.115438,-35.68081,易方达安心B,易方达基金管理有限公司,张清华,,,,
110029,Hybrid,-17.574492,1.2435533,易方达科讯,易方达基金管理有限公司,陈皓,刘健维,,,
110030,Stock,-39.77648,-21.383717,易方达量化,易方达基金管理有限公司,官泽帆,,,,
110035,Bond,35.975887,21.649174,易方达双债A,易方达基金管理有限公司,王晓晨,,,,
110036,Bond,35.97587,21.649174,易方达双债C,易方达基金管理有限公司,王晓晨,,,,
110037,Bond,43.494297,12.84281,易方达纯债A,易方达基金管理有限公司,王晓晨,张雅君,,,
110038,Bond,43.94305,14.376515,易方达纯债C,易方达基金管理有限公司,王晓晨,张雅君,,,
112002,Hybrid,7.7974916,-22.560644,易方达策略二号,易方达基金管理有限公司,梁裕宁,,,,
121001,Bond,20.974047,5.555534,国投融华,国投瑞银基金管理有限公司,何明,汤海波,颜文浩,,
121002,Hybrid,-16.566795,-2.736929,国投景气,国投瑞银基金管理有限公司,伍智勇,,,,
121003,Hybrid,14.216681,-9.423549,国投核心,国投瑞银基金管理有限公司,吉莉,于雷,,,
121005,Hybrid,-17.422218,-2.076039,国投创新,国投瑞银基金管理有限公司,孙文龙,,,,
121006,Hybrid,-9.976503,4.101544,国投稳健,国投瑞银基金管理有限公司,孙文龙,,,,
121008,Hybrid,-17.308039,-2.5398145,国投成长,国投瑞银基金管理有限公司,桑俊,,,,
121009,Bond,24.838154,3.4387765,国投稳定,国投瑞银基金管理有限公司,蔡玮菁,,,,
121010,Hybrid,-9.876126,4.2234807,国投瑞源,国投瑞银基金管理有限公司,董晗,,,,
121012,Bond,21.357382,23.41473,国投优化A/B,国投瑞银基金管理有限公司,蔡玮菁,董晗,,,
121013,Bond,24.49854,4.1115413,国投纯债A,国投瑞银基金管理有限公司,,,,,
128013,Bond,27.131721,3.7273734,国投纯债B,国投瑞银基金管理有限公司,,,,,
128112,Bond,21.35755,23.414469,国投优化C,国投瑞银基金管理有限公司,蔡玮菁,董晗,,,
150103,Hybrid,0.29853556,12.505609,银河银泰,银河基金管理有限公司,张杨,,,,
151001,Hybrid,7.7974916,-22.560762,银河稳健,银河基金管理有限公司,钱睿南,,,,
151002,Bond,20.627277,25.165508,银河收益,银河基金管理有限公司,韩晶,,,,
159901,Stock,-8.685647,-17.506212,易方达深100ETF,易方达基金管理有限公司,成曦,刘树荣,,,
159902,Stock,-5.2356477,-19.441689,华夏中小板ETF,华夏基金管理有限公司,徐猛,,,,
159903,Stock,-11.173765,-15.084831,南方深成ETF,南方基金管理股份有限公司,孙伟,,,,
159905,Stock,-9.46627,-16.306,工银深红利ETF,工银瑞信基金管理有限公司,赵栩,,,,
159906,Stock,-9.989055,-17.127506,大成深成长ETF,大成基金管理有限公司,张钟玉,,,,
159907,Stock,-4.803592,-17.613737,广发300ETF,广发基金管理有限公司,刘杰,,,,
159909,Stock,-13.016062,-16.252165,招商深证TMT50ETF,招商基金管理有限公司,刘重杰,苏燕青,,,
159910,Stock,-9.812202,-18.151682,嘉实深证120ETF,嘉实基金管理有限公司,李直,刘珈吟,,,
159911,Stock,-8.428064,-16.272198,鹏华深证民营ETF,鹏华基金管理有限公司,崔俊杰,罗捷,,,
159912,Stock,-6.39042,-16.959383,汇添富300ETF,汇添富基金管理股份有限公司,过蓓蓓,赖中立,,,
159913,Stock,-9.608987,-16.919048,交银300价值ETF,交银施罗德基金管理有限公司,蔡铮,,,,
159915,Stock,-5.401963,-20.304838,易方达创业板ETF,易方达基金管理有限公司,成曦,刘树荣,,,
159916,Stock,-9.81326,-18.15259,建信深证60ETF,建信基金管理有限责任公司,薛玲,,,,
159918,Stock,-3.3271985,-21.150906,嘉实中创400ETF,嘉实基金管理有限公司,李直,刘珈吟,,,
159919,Stock,-42.344776,-20.144447,嘉实沪深300ETF,嘉实基金管理有限公司,陈正宪,何如,,,
159920,QDII,-4.2440186,-16.210457,华夏恒生ETF,华夏基金管理有限公司,徐猛,,,,
159922,Stock,-6.0759535,24.22926,嘉实中证500ETF,嘉实基金管理有限公司,陈正宪,何如,,,
159923,Stock,-1.3926681,16.302126,大成100ETF,大成基金管理有限公司,苏秉毅,,,,
159925,Stock,-42.344776,-20.144445,南方300ETF,南方基金管理股份有限公司,罗文杰,,,,
159926,Bond,0.15317424,38.687134,嘉实国债ETF,嘉实基金管理有限公司,曲扬,王亚洲,,,
159928,Stock,-2.9398959,26.971138,汇添富消费ETF,汇添富基金管理股份有限公司,过蓓蓓,,,,
159929,Stock,-4.566231,20.473722,汇添富医药ETF,汇添富基金管理股份有限公司,过蓓蓓,,,,
159930,Stock,-2.8146157,22.163496,汇添富能源ETF,汇添富基金管理股份有限公司,过蓓蓓,,,,
159931,Stock,-3.6016827,28.269327,汇添富金融ETF,汇添富基金管理股份有限公司,过蓓蓓,,,,
159932,Stock,-6.445058,21.184072,大成500深ETF,大成基金管理有限公司,张钟玉,,,,
159933,Stock,-37.230843,-16.162954,国投金地ETF,国投瑞银基金管理有限公司,殷瑞飞,,,,
159934,Other,-6.7229257,-32.19521,易方达黄金ETF,易方达基金管理有限公司,范冰,余海燕,,,
160105,Hybrid,5.268779,-19.91675,南方积配,南方基金管理股份有限公司,蔡望鹏,,,,
160106,Hybrid,5.3068557,-19.871885,南方高增,南方基金管理股份有限公司,张原,,,,
160119,Stock,-5.816516,23.747307,南方500ETF联接A,南方基金管理股份有限公司,罗文杰,,,,
160127,Stock,-0.7153568,34.150604,南方消费,南方基金管理股份有限公司,肖勇,,,,
160128,Bond,26.216213,-34.0795,南方金利A,南方基金管理股份有限公司,李璇,,,,
160129,Bond,26.216213,-34.0795,南方金利C,南方基金管理股份有限公司,李璇,,,,
160130,Bond,25.390488,-40.140438,南方永利A,南方基金管理股份有限公司,刘文良,,,,
160211,Hybrid,0.5023545,2.8773043,国泰小盘,国泰基金管理有限公司,杨飞,,,,
160212,Hybrid,-44.80687,0.24580045,国泰优势,国泰基金管理有限公司,杨飞,,,,
160215,Hybrid,-35.447292,4.92748,国泰价值,国泰基金管理有限公司,周伟锋,,,,
160217,Bond,-16.17549,28.895319,国泰互利,国泰基金管理有限公司,吴晨,,,,
160218,Stock,-9.346982,21.8601,国泰房地产,国泰基金管理有限公司,徐成城,,,,
160219,Stock,-9.337136,21.852604,国泰医药,国泰基金管理有限公司,梁杏,徐成城,,,
160311,Hybrid,-1.8986914,-25.682219,华夏蓝筹,华夏基金管理有限公司,王怡欢,,,,
160314,Hybrid,-4.4299607,-42.234848,华夏行业,华夏基金管理有限公司,孙彬,,,,
160415,Hybrid,-17.212456,-2.1032782,华安多因子,华安基金管理有限公司,马丁,孙晨进,,,
160416,QDII,13.057778,-7.156127,华安石油,华安基金管理有限公司,倪斌,,,,
160417,Stock,-39.53932,-21.493649,华安300,华安基金管理有限公司,苏卿云,,,,
160505,Hybrid,-5.4365664,-42.00544,博时主题,博时基金管理有限公司,王俊,,,,
160512,Hybrid,-44.88194,0.28023162,博时卓越,博时基金管理有限公司,王增财,,,,
160513,Bond,-15.907261,29.865803,博时稳健A,博时基金管理有限公司,邓欣雨,,,,
160514,Bond,-16.619587,28.922682,博时稳健C,博时基金管理有限公司,邓欣雨,,,,
160515,Bond,27.109562,-39.28093,博时安丰18债A,博时基金管理有限公司,程卓,,,,
160602,Bond,-4.1367135,41.85366,鹏华债券A,鹏华基金管理有限公司,刘涛,,,,
160603,Hybrid,-32.572815,-4.3271027,鹏华收益,鹏华基金管理有限公司,陈璇淼,蒋鑫,,,
160605,Hybrid,3.1292915,-19.132683,鹏华50,鹏华基金管理有限公司,王宗合,,,,
160607,Hybrid,-32.572815,-4.3271027,鹏华价值,鹏华基金管理有限公司,谢书英,,,,
160608,Bond,-5.4890757,41.67903,鹏华债券B,鹏华基金管理有限公司,刘涛,,,,
160610,Hybrid,-32.572815,-4.3271027,鹏华动力,鹏华基金管理有限公司,张航,,,,
160611,Hybrid,-32.67163,-5.370251,鹏华治理,鹏华基金管理有限公司,陈璇淼,,,,
160612,Bond,24.986721,25.809587,鹏华丰收,鹏华基金管理有限公司,刘太阳,,,,
160613,Hybrid,-33.15515,-5.332458,鹏华创新,鹏华基金管理有限公司,伍旋,,,,
160615,Stock,-40.330666,-22.779175,鹏华300A,鹏华基金管理有限公司,张羽翔,,,,
160616,Stock,-5.823497,23.726583,鹏华500A,鹏华基金管理有限公司,张羽翔,,,,
160617,Bond,27.31485,4.4901724,鹏华丰润,鹏华基金管理有限公司,周恩源,祝松,,,
160620,Stock,1.1402366,34.16997,鹏华资源,鹏华基金管理有限公司,崔俊杰,,,,
160621,Bond,25.869595,6.0442786,鹏华丰和A,鹏华基金管理有限公司,戴钢,,,,
160706,Stock,-39.53932,-21.493649,嘉实沪深300ETF联接A,嘉实基金管理有限公司,陈正宪,何如,,,
160716,Stock,-10.1705475,29.236338,嘉实中证50A,嘉实基金管理有限公司,陈正宪,何如,,,
160717,QDII,12.174214,-12.583447,嘉实恒生H股,嘉实基金管理有限公司,高峰,何如,,,
160718,Bond,21.35738,23.41473,嘉实多利,嘉实基金管理有限公司,王茜,,,,
160719,QDII,9.747939,-6.3935175,嘉实黄金,嘉实基金管理有限公司,陈正宪,何如,,,
160720,Bond,-9.493095,32.96785,嘉实中期企债A,嘉实基金管理有限公司,崔思维,胡永青,曲扬,王亚洲,
160721,Bond,-9.493096,32.967712,嘉实中期企债C,嘉实基金管理有限公司,崔思维,胡永青,曲扬,王亚洲,
160805,Hybrid,-2.7067778,-28.612831,长盛同智,长盛基金管理有限公司,乔培涛,,,,
160806,Stock,-1.5159663,16.192823,长盛800,长盛基金管理有限公司,陈亘斯,,,,
160807,Stock,-38.41627,-21.688248,长盛300,长盛基金管理有限公司,冯雨生,,,,
160808,Stock,-4.6008487,22.625414,长盛同瑞,长盛基金管理有限公司,陈亘斯,,,,
160910,Hybrid,-14.289057,3.4204242,大成创新,大成基金管理有限公司,刘旭,,,,
160915,Bond,26.998817,5.2848225,大成景丰,大成基金管理有限公司,李富强,,,,
160916,Hybrid,-32.68735,-7.099304,大成优选,大成基金管理有限公司,戴军,,,,
161005,Hybrid,-8.991061,-2.1337023,富国天惠A,富国基金管理有限公司,朱少醒,,,,
161010,Bond,25.21747,3.9016237,富国天丰,富国基金管理有限公司,武磊,张明凯,,,
161015,Bond,27.139917,4.9703693,富国天盈,富国基金管理有限公司,俞晓斌,,,,
161017,Stock,-6.2503076,23.77111,富国500,富国基金管理有限公司,方F,李笑薇,徐幼华,,
161019,Bond,26.477333,5.9210076,富国新天锋,富国基金管理有限公司,武磊,,,,
161022,Stock,-5.408466,-20.287466,富国创业板,富国基金管理有限公司,方F,王保合,,,
161115,Bond,22.057848,-34.429802,易方达岁丰,易方达基金管理有限公司,胡剑,,,,
161117,Bond,24.732487,-34.773598,易方达永旭,易方达基金管理有限公司,李一硕,,,,
161118,Stock,-5.2402625,-19.433867,易方达中小,易方达基金管理有限公司,成曦,刘树荣,,,
161119,Bond,30.514664,7.582385,易方达综债A,易方达基金管理有限公司,王晓晨,,,,
161120,Bond,30.514465,7.582385,易方达综债C,易方达基金管理有限公司,王晓晨,,,,
161207,Stock,-40.393425,-22.76848,国投瑞和300,国投瑞银基金管理有限公司,殷瑞飞,,,,
161211,Stock,-37.23952,-16.170227,国投金地ETF联接,国投瑞银基金管理有限公司,赵建,,,,
161213,Stock,-0.7794694,36.583374,国投消费,国投瑞银基金管理有限公司,赵建,,,,
161216,Bond,33.97234,21.666212,国投双债A,国投瑞银基金管理有限公司,徐栋,,,,
161217,Stock,5.048464,37.117393,国投资源,国投瑞银基金管理有限公司,殷瑞飞,,,,
161219,Hybrid,1.787634,18.378853,国投产业,国投瑞银基金管理有限公司,孙文龙,,,,
161505,Bond,43.522808,14.789774,银河通利A,银河基金管理有限公司,韩晶,蒋磊,,,
161506,Bond,42.12488,13.479533,银河通利C,银河基金管理有限公司,韩晶,蒋磊,,,
161601,Hybrid,-9.100956,-2.1816747,融通新蓝筹,融通基金管理有限公司,张延闽,,,,
161603,Bond,42.77155,14.120092,融通债A/B,融通基金管理有限公司,王超,,,,
161604,Stock,-8.941606,-17.32886,融通100A/B,融通基金管理有限公司,何天翔,,,,
161605,Hybrid,-9.102045,-2.1812494,融通成长,融通基金管理有限公司,付伟琦,,,,
161606,Hybrid,-8.477735,-2.0916708,融通行业,融通基金管理有限公司,邹曦,,,,
161607,Stock,-3.8318036,-14.836683,融通巨潮A/B,融通基金管理有限公司,蔡志伟,,,,
161609,Hybrid,-17.308039,-2.5398145,融通动力,融通基金管理有限公司,朱丹,,,,
161610,Hybrid,-9.805519,-2.4290571,融通领先,融通基金管理有限公司,何龙,邹曦,,,
161611,Hybrid,-9.805387,-2.4292438,融通内需,融通基金管理有限公司,付伟琦,,,,
161612,Stock,-11.166267,-15.092741,融通深成A/B,融通基金管理有限公司,蔡志伟,,,,
161613,Stock,-5.404852,-20.282982,融通创业板A/B,融通基金管理有限公司,蔡志伟,,,,
161614,Bond,26.475126,5.0173283,融通添利,融通基金管理有限公司,王超,余志勇,,,
161616,Hybrid,-3.98285,12.091965,融通医疗,融通基金管理有限公司,蒋秀蕾,,,,
161618,Bond,23.969915,-36.933376,融通岁岁A,融通基金管理有限公司,王超,,,,
161619,Bond,23.97057,-36.93316,融通岁岁B,融通基金管理有限公司,王超,,,,
161624,Bond,-10.241782,39.411663,融通可转债A,融通基金管理有限公司,许富强,,,,
161625,Bond,-10.241782,39.41163,融通可转债C,融通基金管理有限公司,许富强,,,,
161693,Bond,42.156715,13.943834,融通债C,融通基金管理有限公司,王超,,,,
161706,Hybrid,-40.120533,-22.807768,招商成长,招商基金管理有限公司,贾成东,,,,
161713,Bond,26.18062,4.519303,招商信用,招商基金管理有限公司,向霈,,,,
161718,Stock,-38.66356,-17.115425,招商300高贝,招商基金管理有限公司,苏燕青,,,,
161810,Hybrid,-2.736129,-43.609474,银华内需,银华基金管理股份有限公司,刘辉,,,,
161812,Stock,-8.676703,-17.511862,银华100,银华基金管理股份有限公司,周毅,,,,
161813,Bond,40.009537,24.188435,银华信用,银华基金管理股份有限公司,,,,,
161816,Stock,-5.6761065,27.918798,银华90,银华基金管理股份有限公司,张凯,,,,
161818,Hybrid,-0.6790811,34.331406,银华消费,银华基金管理股份有限公司,薄官辉,,,,
161819,Stock,0.41133302,34.05401,银华资源,银华基金管理股份有限公司,马君,,,,
161820,Bond,42.635746,14.594878,银华纯债,银华基金管理股份有限公司,邹维娜,,,,
161825,Stock,-5.676105,27.918612,银华800,银华基金管理股份有限公司,,,,,
161826,Bond,-10.025845,39.526268,银华转债,银华基金管理股份有限公司,孙慧,,,,
161902,Bond,-16.38013,30.1335,万家债券,万家基金管理有限公司,苏谋东,周潜玮,,,
161903,Hybrid,-4.0125265,-42.03936,万家优选,万家基金管理有限公司,黄兴亮,,,,
161907,Stock,-0.25990885,21.714453,万家红利,万家基金管理有限公司,朱小明,,,,
161908,Bond,23.933401,25.60955,万家添利,万家基金管理有限公司,陈佳昀,,,,
161911,Bond,26.216213,-34.0795,万家强债,万家基金管理有限公司,陈奕雯,苏谋东,,,
162006,Hybrid,-33.152966,-5.330797,长城久富,长城基金管理有限公司,陈良栋,,,,
162102,Hybrid,-5.611611,31.918522,金鹰小盘,金鹰基金管理有限公司,于利强,,,,
162201,Hybrid,12.456155,-0.9611385,泰达成长,泰达宏利基金管理有限公司,周琦凯,,,,
162202,Hybrid,12.486035,-0.9991733,泰达周期,泰达宏利基金管理有限公司,赖庆鑫,,,,
162203,Hybrid,12.4655,-0.9474972,泰达稳定,泰达宏利基金管理有限公司,冀楠,庄腾飞,,,
162204,Hybrid,11.881174,1.5314844,泰达精选,泰达宏利基金管理有限公司,陈丹琳,,,,
162205,Hybrid,21.441961,-35.535015,泰达预算,泰达宏利基金管理有限公司,傅浩,刘欣,,,
162207,Hybrid,11.425014,1.726627,泰达效率,泰达宏利基金管理有限公司,吴华,,,,
162208,Stock,11.513031,0.92785156,泰达首选,泰达宏利基金管理有限公司,张勋,,,,
162209,Hybrid,-2.7242055,-32.62611,泰达市值,泰达宏利基金管理有限公司,李坤元,王鹏,,,
162210,Bond,4.1648893,-21.225979,泰达集利A,泰达宏利基金管理有限公司,丁宇佳,刘洋,,,
162211,Hybrid,-2.2640877,-25.899496,泰达品质,泰达宏利基金管理有限公司,刘洋,庞宝臣,,,
162212,Hybrid,14.088574,-7.3647366,泰达红利,泰达宏利基金管理有限公司,刘欣,,,,
162213,Stock,-40.120533,-22.807768,泰达沪深300A,泰达宏利基金管理有限公司,刘洋,,,,
162214,Hybrid,-5.349684,30.994465,泰达领先,泰达宏利基金管理有限公司,庄腾飞,,,,
162216,Stock,-6.0229383,24.077509,泰达500,泰达宏利基金管理有限公司,刘洋,,,,
162299,Bond,4.1648893,-21.225979,泰达集利C,泰达宏利基金管理有限公司,丁宇佳,刘洋,,,
162307,Stock,-1.20781,15.873473,海富通100,海富通基金管理有限公司,江勇,,,,
162509,Stock,-1.2075816,15.874093,国联安双禧,国联安基金管理有限公司,黄欣,,,,
162605,Hybrid,-38.9962,-25.621264,景顺鼎益,景顺长城基金管理有限公司,刘彦春,,,,
162607,Hybrid,-16.995377,1.9921567,景顺资源,景顺长城基金管理有限公司,杨锐文,,,,
162703,Hybrid,-0.07998626,3.045482,广发小盘,广发基金管理有限公司,刘格菘,,,,
162711,Stock,-5.816516,23.747307,广发500ETF联接A,广发基金管理有限公司,刘杰,,,,
162712,Bond,-15.34163,29.935413,广发聚利A,广发基金管理有限公司,代宇,,,,
162714,Stock,-8.676522,-17.511047,广发100,广发基金管理有限公司,罗国庆,,,,
162907,Stock,-10.170651,29.236485,泰信400,泰信基金管理有限公司,张彦,,,,
163109,Stock,-11.167468,-15.091949,申万深成指,申万菱信基金管理有限公司,龚丽丽,,,,
163110,Stock,-5.930859,23.403305,申万量化,申万菱信基金管理有限公司,袁英杰,张少华,,,
163209,Stock,-5.404773,-20.2931,诺安创业板,诺安基金管理有限公司,梅律吾,,,,
163210,Bond,26.066406,-33.500668,诺安纯债A,诺安基金管理有限公司,谢志华,,,,
163211,Bond,26.066406,-33.500668,诺安纯债C,诺安基金管理有限公司,谢志华,,,,
163302,Hybrid,-20.729103,-6.7149754,大摩资源,摩根士丹利华鑫基金管理有限公司,徐达,,,,
163402,Hybrid,-37.115734,1.2262197,兴全趋势,兴全基金管理有限公司,董承非,乔迁,,,
163406,Hybrid,-42.332687,-2.054748,兴全合润,兴全基金管理有限公司,谢治宇,,,,
163407,Stock,-40.396572,-22.767033,兴全300增强A,兴全基金管理有限公司,申庆,,,,
163409,Hybrid,-42.332367,-2.0548775,兴全绿色,兴全基金管理有限公司,邹欣,,,,
163411,Hybrid,-42.332676,-2.0548768,兴全精选,兴全基金管理有限公司,陈宇,,,,
163412,Hybrid,-42.33252,-2.054877,兴全轻资产,兴全基金管理有限公司,董理,,,,
163415,Hybrid,-42.332516,-2.054877,兴全模式,兴全基金管理有限公司,乔迁,,,,
163503,Hybrid,11.519363,0.33880812,天治核心,天治基金管理有限公司,许家涵,,,,
163801,Hybrid,-41.405945,-2.075934,中银中国,中银基金管理有限公司,陈军,,,,
163803,Hybrid,17.759115,-8.5578165,中银增长A,中银基金管理有限公司,辜岚,,,,
163804,Hybrid,12.3390255,0.16979666,中银收益A,中银基金管理有限公司,陈军,,,,
163805,Hybrid,-41.911774,-1.9032283,中银动态,中银基金管理有限公司,邬炜,,,,
163806,Bond,23.760147,25.947437,中银增利,中银基金管理有限公司,方抗,奚鹏洲,,,
163807,Hybrid,-37.47506,0.9991889,中银优选,中银基金管理有限公司,王伟,,,,
163808,Stock,-1.3808398,15.704185,中银100,中银基金管理有限公司,赵建忠,,,,
163809,Hybrid,-2.46974,-25.394075,中银蓝筹,中银基金管理有限公司,王帅,,,,
163810,Hybrid,-2.4697325,-25.394075,中银价值,中银基金管理有限公司,邬炜,,,,
163811,Bond,44.025883,14.5675745,中银双利A,中银基金管理有限公司,奚鹏洲,,,,
163812,Bond,42.17249,13.289691,中银双利B,中银基金管理有限公司,奚鹏洲,,,,
163816,Bond,0.7608537,3.4782908,中银转债A,中银基金管理有限公司,李建,,,,
163817,Bond,0.7608537,3.4782908,中银转债B,中银基金管理有限公司,李建,,,,
163818,Hybrid,-5.349704,30.99431,中银成长,中银基金管理有限公司,王伟,,,,
163819,Bond,40.009537,24.188435,中银信用,中银基金管理有限公司,陈志华,奚鹏洲,,,
163821,Stock,-37.79886,-16.303041,中银300,中银基金管理有限公司,赵建忠,,,,
163822,Hybrid,-3.1741042,-42.90414,中银主题,中银基金管理有限公司,陈军,黄B,,,
163823,Hybrid,-6.758097,-2.0242245,中银稳健,中银基金管理有限公司,李建,,,,
163824,Bond,27.473486,-39.296993,中银盛利,中银基金管理有限公司,陈玮,,,,
164105,Bond,-16.183102,28.857912,华富强债,华富基金管理有限公司,尹培俊,,,,
164606,Bond,24.845558,5.6611648,华泰信用,华泰柏瑞基金管理有限公司,陈东,朱向临,,,
164702,Bond,30.173103,-35.33944,汇添富季红,汇添富基金管理股份有限公司,陆文磊,徐光,,,
164809,Stock,-5.8161187,23.747305,工银500,工银瑞信基金管理有限公司,刘伟琳,,,,
164810,Bond,26.481752,-33.644245,工银纯债定期,工银瑞信基金管理有限公司,李娜,,,,
164902,Bond,40.009537,24.188435,交银添利,交银施罗德基金管理有限公司,唐S,,,,
165309,Stock,-39.53932,-21.493649,建信300,建信基金管理有限责任公司,梁洪昀,,,,
165311,Bond,22.916546,26.005095,建信信用A,建信基金管理有限责任公司,李峰,,,,
165313,Hybrid,-15.386919,2.8812199,建信优势,建信基金管理有限责任公司,姜锋,,,,
165508,Hybrid,3.3677542,-18.785606,信诚深度,中信保诚基金管理有限公司,夏明月,,,,
165509,Bond,-4.032617,42.741737,信诚强债,中信保诚基金管理有限公司,宋海娟,,,,
165511,Stock,-5.8239417,23.726873,信诚500,中信保诚基金管理有限公司,黄稚,,,,
165512,Hybrid,-32.82809,-6.634954,信诚机遇,中信保诚基金管理有限公司,吴昊,,,,
165515,Stock,-40.330666,-22.779175,信诚300,中信保诚基金管理有限公司,HAN.YILING,,,,
165516,Hybrid,-32.532635,-6.779884,信诚周期,中信保诚基金管理有限公司,张光成,,,,
165519,Stock,-5.1165676,33.268017,信诚医药,中信保诚基金管理有限公司,杨旭,,,,
165520,Stock,-2.944097,21.47452,信诚有色,中信保诚基金管理有限公司,杨旭,,,,
165707,Stock,-6.329575,-16.940195,诺德300,诺德基金管理有限公司,杨霞辉,,,,
166001,Hybrid,11.58293,0.48148543,中欧新趋势A,中欧基金管理有限公司,周蔚文,,,,
166002,Hybrid,-2.9748585,-26.493885,中欧蓝筹A,中欧基金管理有限公司,金媛媛,周蔚文,,,
166005,Hybrid,-3.5006344,-43.677017,中欧价值A,中欧基金管理有限公司,曹名长,蓝小康,,,
166006,Hybrid,-16.399096,-2.2255938,中欧成长A,中欧基金管理有限公司,李欣,王培,,,
166008,Bond,24.097042,26.907057,中欧强债A,中欧基金管理有限公司,赵国英,,,,
166009,Hybrid,-40.924934,3.6418333,中欧新动力A,中欧基金管理有限公司,王健,许文星,,,
166019,Hybrid,26.216213,-34.0795,中欧智选A,中欧基金管理有限公司,刘晨,,,,
166020,Hybrid,26.066406,-33.500668,中欧优选A,中欧基金管理有限公司,曹名长,袁维德,,,
166801,Hybrid,-1.3628396,-24.579111,浙商新思维,浙商基金管理有限公司,倪权生,,,,
166902,Bond,25.871479,3.7056727,民生增利A,民生加银基金管理有限公司,胡振仓,,,,
166903,Bond,25.899696,2.9892557,民生增利C,民生加银基金管理有限公司,胡振仓,,,,
166904,Bond,25.208216,3.3300524,民生添利A,民生加银基金管理有限公司,陆欣,,,,
166905,Bond,24.498384,5.079655,民生添利C,民生加银基金管理有限公司,陆欣,,,,
180001,Hybrid,14.12439,-10.175144,银华优势,银华基金管理股份有限公司,王鑫钢,,,,
180002,Bond,26.481752,-33.644245,银华保本,银华基金管理股份有限公司,贾鹏,孙慧,,,
180003,Stock,-3.068898,-17.505327,银华88,银华基金管理股份有限公司,周晶,,,,
180010,Hybrid,-17.672817,1.2934625,银华优质,银华基金管理股份有限公司,贲兴振,,,,
180012,Hybrid,-18.035604,1.6248407,银华富裕,银华基金管理股份有限公司,焦巍,,,,
180013,Hybrid,-2.652648,-30.012463,银华领先,银华基金管理股份有限公司,倪明,苏静然,,,
180015,Bond,23.749931,25.487276,银华强债,银华基金管理股份有限公司,瞿灿,,,,
180018,Hybrid,-11.914652,5.139226,银华和谐,银华基金管理股份有限公司,唐能,,,,
180020,Hybrid,-12.308322,4.6547747,银华成长,银华基金管理股份有限公司,王鑫钢,,,,
180025,Bond,40.17162,23.844765,银华双利A,银华基金管理股份有限公司,贾鹏,孙慧,,,
180026,Bond,40.17162,23.844765,银华双利C,银华基金管理股份有限公司,贾鹏,孙慧,,,
180031,Hybrid,-5.361689,24.411106,银华中小盘,银华基金管理股份有限公司,李晓星,张萍,,,
180033,Stock,-11.550701,-26.706535,银华上证50ETF联接,银华基金管理股份有限公司,周大鹏,,,,
200001,Hybrid,21.065159,2.5786808,长城久恒,长城基金管理有限公司,储雯玉,,,,
200002,Stock,-40.330666,-22.779175,长城久泰A,长城基金管理有限公司,雷俊,杨建华,,,
200006,Hybrid,13.806488,-9.553577,长城消费,长城基金管理有限公司,龙宇飞,,,,
200007,Hybrid,25.228014,-38.397278,长城回报,长城基金管理有限公司,何以广,,,,
200008,Hybrid,14.185298,-10.067368,长城品牌,长城基金管理有限公司,杨建华,,,,
200009,Bond,23.12117,25.31336,长城债券,长城基金管理有限公司,蔡F,,,,
200010,Hybrid,13.417225,-9.436459,长城双动力,长城基金管理有限公司,龙宇飞,,,,
200011,Hybrid,-11.707343,4.9144063,长城景气行业,长城基金管理有限公司,赵波,,,,
200012,Hybrid,-5.458648,31.96513,长城中小盘,长城基金管理有限公司,何以广,,,,
200013,Bond,45.36714,9.995235,长城增利A,长城基金管理有限公司,马强,,,,
200015,Hybrid,-9.925002,-2.5926247,长城优化,长城基金管理有限公司,张捷,,,,
200016,Hybrid,-11.707343,4.9144063,长城稳健,长城基金管理有限公司,张捷,,,,
200113,Bond,45.36818,9.993254,长城增利C,长城基金管理有限公司,马强,,,,
202001,Hybrid,5.230758,-19.973837,南方稳健,南方基金管理股份有限公司,应帅,,,,
202002,Hybrid,5.230758,-19.973837,南稳贰号,南方基金管理股份有限公司,应帅,,,,
202003,Hybrid,-4.175365,-43.554142,南方绩优A,南方基金管理股份有限公司,骆帅,史博,,,
202005,Hybrid,-4.009528,-44.4994,南方成份A,南方基金管理股份有限公司,黄春逢,张原,,,
202007,Hybrid,-6.2630363,-46.34719,南方隆元,南方基金管理股份有限公司,蒋秋洁,,,,
202009,Hybrid,5.271415,-23.451057,南方盛元,南方基金管理股份有限公司,林乐峰,,,,
202011,Hybrid,-3.8320892,-41.334465,南方价值A,南方基金管理股份有限公司,罗安安,,,,
202015,Stock,-39.53932,-21.493649,南方300ETF联接A,南方基金管理股份有限公司,罗文杰,,,,
202017,Stock,-11.167464,-15.091199,南方深成ETF联接A,南方基金管理股份有限公司,孙伟,,,,
202019,Hybrid,-5.2025867,-41.676914,南方策略,南方基金管理股份有限公司,肖勇,,,,
202021,Stock,-5.9620914,35.943172,南方小康ETF联接A,南方基金管理股份有限公司,崔蕾,龚涛,,,
202023,Hybrid,-2.6009288,-25.47674,南方成长A,南方基金管理股份有限公司,骆帅,,,,
202025,Stock,-4.2283607,-16.028263,南方380ETF联接A,南方基金管理股份有限公司,孙伟,,,,
202027,Hybrid,-2.8968167,24.71077,南方高端A,南方基金管理股份有限公司,骆帅,,,,
202101,Bond,28.304443,19.161646,南方宝元A,南方基金管理股份有限公司,林乐峰,,,,
202102,Bond,38.069202,19.804873,南方多利C,南方基金管理股份有限公司,郑迎迎,,,,
202103,Bond,37.91414,20.361782,南方多利A,南方基金管理股份有限公司,郑迎迎,,,,
202105,Bond,-15.420303,30.06027,南方广利A/B,南方基金管理股份有限公司,刘文良,,,,
202107,Bond,-16.831713,29.552895,南方广利C,南方基金管理股份有限公司,刘文良,,,,
202108,Bond,-16.770145,29.203987,南方润元A/B,南方基金管理股份有限公司,金凌志,,,,
202110,Bond,-16.005371,29.667578,南方润元C,南方基金管理股份有限公司,金凌志,,,,
202202,Bond,22.064034,6.6146374,南方避险,南方基金管理股份有限公司,,,,,
202211,Stock,-1.727801,15.937794,南方中证100A,南方基金管理股份有限公司,龚涛,,,,
202212,Hybrid,-33.99007,4.884556,南方平衡,南方基金管理股份有限公司,黄春逢,,,,
202213,Hybrid,-33.99007,4.884556,南方核心,南方基金管理股份有限公司,卢玉珊,,,,
206002,Hybrid,-32.533073,-6.776255,鹏华精选,鹏华基金管理有限公司,谢书英,,,,
206003,Bond,23.923517,26.92624,鹏华信用A,鹏华基金管理有限公司,方昶,王石千,,,
206004,Bond,24.356094,26.787384,鹏华信用B,鹏华基金管理有限公司,方昶,王石千,,,
206005,Stock,-9.599643,-24.900978,鹏华民企ETF联接,鹏华基金管理有限公司,崔俊杰,张羽翔,,,
206007,Hybrid,-33.249836,-6.757992,鹏华优选,鹏华基金管理有限公司,王宗合,,,,
206008,Bond,25.494602,-33.963806,鹏华丰盛,鹏华基金管理有限公司,刘太阳,,,,
206009,Hybrid,-2.5491753,24.089928,鹏华新兴产业,鹏华基金管理有限公司,梁浩,,,,
206010,Stock,-8.428856,-16.296602,鹏华深证民营ETF联接,鹏华基金管理有限公司,崔俊杰,罗捷,,,
206012,Stock,-42.118027,-17.337582,鹏华价值精选,鹏华基金管理有限公司,张航,,,,
206015,Bond,24.234367,25.343313,鹏华纯债,鹏华基金管理有限公司,王石千,,,,
206018,Bond,23.617746,26.867796,鹏华产业债,鹏华基金管理有限公司,祝松,,,,
210001,Hybrid,2.9369805,-18.279238,金鹰优选,金鹰基金管理有限公司,倪超,,,,
210002,Hybrid,-0.13369957,13.718631,金鹰红利,金鹰基金管理有限公司,王,,,,
210003,Hybrid,-41.194553,3.6940184,金鹰行业,金鹰基金管理有限公司,倪超,,,,
210004,Hybrid,-40.706272,3.6928437,金鹰稳健,金鹰基金管理有限公司,陈立,于利强,,,
210005,Hybrid,-40.49338,3.9444225,金鹰主题,金鹰基金管理有限公司,陈立,,,,
210007,Hybrid,-34.04679,5.33107,金鹰技术A,金鹰基金管理有限公司,吴德u,,,,
210008,Hybrid,-40.71242,3.808618,金鹰策略,金鹰基金管理有限公司,陈颖,,,,
210009,Hybrid,-40.50336,4.404277,金鹰核心,金鹰基金管理有限公司,陈颖,,,,
210010,Hybrid,-34.04674,5.3307867,金鹰灵活A,金鹰基金管理有限公司,杨晓斌,,,,
210011,Hybrid,-33.989902,4.885008,金鹰灵活C,金鹰基金管理有限公司,杨晓斌,,,,
213001,Hybrid,-7.723738,-2.053068,宝盈鸿利A,宝盈基金管理有限公司,李进,,,,
213002,Hybrid,7.838857,-22.579557,宝盈增长,宝盈基金管理有限公司,张志梅,,,,
213003,Hybrid,7.811106,-22.544388,宝盈策略,宝盈基金管理有限公司,蔡丹,刘李杰,朱建明,,
213006,Hybrid,-2.5138738,-27.458939,宝盈核心A,宝盈基金管理有限公司,李健伟,,,,
213007,Bond,-4.728873,43.292778,宝盈收益A/B,宝盈基金管理有限公司,高宇,,,,
213008,Hybrid,-2.4832532,-32.53953,宝盈资源,宝盈基金管理有限公司,刘李杰,肖肖,,,
213010,Stock,-1.2075816,15.874093,宝盈100A,宝盈基金管理有限公司,蔡丹,刘李杰,,,
213917,Bond,-5.3700914,43.12165,宝盈收益C,宝盈基金管理有限公司,高宇,,,,
217001,Hybrid,3.3264718,-18.928965,招商偏股,招商基金管理有限公司,潘明曦,徐张红,,,
217002,Hybrid,-0.24533357,13.721977,招商平衡,招商基金管理有限公司,李,,,,
217003,Bond,-1.5972351,20.104416,招商债券A,招商基金管理有限公司,康晶,,,,
217005,Hybrid,2.9318197,-16.20567,招商先锋,招商基金管理有限公司,付斌,,,,
217008,Bond,31.13156,-34.872997,招商安本,招商基金管理有限公司,滕越,,,,
217009,Hybrid,-10.059274,0.91322285,招商核心,招商基金管理有限公司,郭锐,,,,
217010,Hybrid,-10.15654,0.8666301,招商大盘,招商基金管理有限公司,郭锐,,,,
217011,Bond,42.54073,13.605297,招商安心,招商基金管理有限公司,马龙,,,,
217012,Hybrid,-9.102194,-2.1808615,招商领先A,招商基金管理有限公司,吴昊,,,,
217013,Hybrid,1.0419992,2.8904455,招商小盘,招商基金管理有限公司,韩冰,,,,
217016,Stock,-8.947317,-17.3275,招商100A,招商基金管理有限公司,侯昊,,,,
217017,Stock,-9.646827,-26.054703,招商消费ETF联接A,招商基金管理有限公司,苏燕青,,,,
217018,Bond,1.7426825,3.4123464,招商安瑞,招商基金管理有限公司,尹晓红,张韵,,,
217019,Stock,-13.01365,-16.252155,招商深证TMT50联接A,招商基金管理有限公司,刘重杰,苏燕青,,,
217020,Hybrid,-20.601799,-6.786885,招商安达,招商基金管理有限公司,王奇玮,,,,
217021,Hybrid,-6.758039,-2.0242414,招商优势,招商基金管理有限公司,潘明曦,,,,
217022,Bond,26.216213,-34.0795,招商产业债A,招商基金管理有限公司,马龙,,,,
217023,Bond,25.583107,3.9533854,招商强债,招商基金管理有限公司,滕越,,,,
217024,Bond,42.931114,12.769079,招商安盈,招商基金管理有限公司,姚爽,尹晓红,,,
217027,Stock,-5.671386,-16.30755,招商50A,招商基金管理有限公司,侯昊,,,,
217203,Bond,-1.5970958,20.10392,招商债券B,招商基金管理有限公司,康晶,,,,
229002,Hybrid,-2.5870497,-33.149616,泰达逆向,泰达宏利基金管理有限公司,刘欣,,,,
233001,Hybrid,-31.856884,-2.325049,大摩基础,摩根士丹利华鑫基金管理有限公司,王大鹏,朱睿,,,
233005,Bond,25.930225,4.90261,大摩强债,摩根士丹利华鑫基金管理有限公司,张雪,,,,
233006,Hybrid,-17.51668,-2.487362,大摩领先,摩根士丹利华鑫基金管理有限公司,徐达,,,,
233007,Hybrid,-32.530853,-6.776298,大摩卓越,摩根士丹利华鑫基金管理有限公司,王大鹏,,,,
233008,Hybrid,-31.856857,-2.3250868,大摩消费,摩根士丹利华鑫基金管理有限公司,王大鹏,,,,
233009,Hybrid,-5.3615975,24.410559,大摩精选,摩根士丹利华鑫基金管理有限公司,夏青,,,,
233010,Stock,-6.351461,-16.946356,大摩深证300,摩根士丹利华鑫基金管理有限公司,夏青,,,,
233011,Hybrid,-20.827024,-6.6876254,大摩主题,摩根士丹利华鑫基金管理有限公司,缪东航,,,,
233012,Bond,13.607604,-11.487056,大摩多元A,摩根士丹利华鑫基金管理有限公司,李轶,,,,
233013,Bond,13.607604,-11.487056,大摩多元C,摩根士丹利华鑫基金管理有限公司,李轶,,,,
233015,Hybrid,-20.827164,-6.6874814,大摩量化,摩根士丹利华鑫基金管理有限公司,陈健夫,夏青,,,
240001,Hybrid,-33.249836,-6.757992,华宝消费,华宝基金管理有限公司,胡戈游,,,,
240002,Hybrid,-31.372454,-1.3628659,华宝配置,华宝基金管理有限公司,季鹏,,,,
240003,Bond,-4.224477,43.067265,华宝宝康债券,华宝基金管理有限公司,李栋梁,,,,
240004,Hybrid,0.9911042,-28.08111,华宝动力,华宝基金管理有限公司,刘自强,,,,
240005,Stock,0.9911105,-28.080645,华宝策略,华宝基金管理有限公司,蔡目荣,,,,
240008,Hybrid,5.2690783,-23.368143,华宝收益,华宝基金管理有限公司,毛文博,,,,
240009,Hybrid,-4.24746,-15.835845,华宝成长,华宝基金管理有限公司,曾豪,,,,
240010,Hybrid,-42.34503,-20.144503,华宝行业,华宝基金管理有限公司,闫旭,,,,
240011,Hybrid,-4.5820723,-42.61947,华宝大盘,华宝基金管理有限公司,詹杰,,,,
240012,Bond,23.286871,26.0266,华宝债券A,华宝基金管理有限公司,李栋梁,詹杰,,,
240013,Bond,24.633032,25.009026,华宝债券B,华宝基金管理有限公司,李栋梁,詹杰,,,
240014,Stock,-1.2732555,15.867563,华宝100A,华宝基金管理有限公司,陈建华,,,,
240016,Stock,-9.320685,-25.877882,华宝价值ETF联接,华宝基金管理有限公司,丰晨成,,,,
240017,Hybrid,-2.7828436,18.738226,华宝新兴,华宝基金管理有限公司,易镜明,,,,
240018,Bond,12.950553,-11.702764,华宝可转债,华宝基金管理有限公司,李栋梁,,,,
240019,Stock,-2.559363,20.954021,华宝中证银行ETF联接A,华宝基金管理有限公司,胡洁,,,,
240020,Hybrid,-4.4311666,20.220068,华宝医药,华宝基金管理有限公司,光磊,,,,
240022,Hybrid,0.27876958,33.91583,华宝资源,华宝基金管理有限公司,蔡目荣,,,,
253010,Hybrid,10.781217,3.1213906,国联安安心,国联安基金管理有限公司,吕中凡,杨子江,,,
253020,Bond,24.450378,3.976394,国联安增利A,国联安基金管理有限公司,吕中凡,,,,
253021,Bond,25.444859,6.030904,国联安增利B,国联安基金管理有限公司,吕中凡,,,,
253030,Bond,25.813684,4.1834693,国联安增益,国联安基金管理有限公司,薛琳,,,,
255010,Hybrid,-2.5123441,-27.458336,国联安稳健,国联安基金管理有限公司,刘斌,,,,
257010,Hybrid,0.06847014,2.3668878,国联安小盘,国联安基金管理有限公司,邹新进,,,,
257020,Hybrid,-6.263036,-46.347168,国联安精选混合,国联安基金管理有限公司,魏东,,,,
257030,Hybrid,-2.6577127,-30.015074,国联安优势,国联安基金管理有限公司,刘斌,,,,
257040,Hybrid,-2.6242204,-42.708714,国联安红利,国联安基金管理有限公司,徐俊,郑青,,,
257050,Hybrid,-4.276583,-43.330803,国联安主题,国联安基金管理有限公司,张汉毅,,,,
257060,Stock,-7.5402913,-27.762863,国联安商品ETF联接,国联安基金管理有限公司,黄欣,,,,
257070,Hybrid,-3.1599827,-42.32788,国联安优选,国联安基金管理有限公司,潘明,,,,
260101,Hybrid,-0.6747077,16.357508,景顺优选,景顺长城基金管理有限公司,杨锐文,,,,
260103,Hybrid,-11.594684,5.345857,景顺平衡,景顺长城基金管理有限公司,刘苏,,,,
260104,Hybrid,-0.67470795,16.357508,景顺增长,景顺长城基金管理有限公司,刘彦春,,,,
260108,Hybrid,-1.6529337,18.189482,景顺成长,景顺长城基金管理有限公司,刘彦春,,,,
260109,Hybrid,-0.6746215,16.356506,景内需贰,景顺长城基金管理有限公司,刘彦春,,,,
260110,Hybrid,-18.033709,1.9806745,景顺蓝筹,景顺长城基金管理有限公司,余广,,,,
260111,Hybrid,-44.352962,0.378454,景顺治理,景顺长城基金管理有限公司,万梦,徐喻军,,,
260112,Hybrid,-44.17249,0.6854717,景顺能源,景顺长城基金管理有限公司,鲍无可,,,,
260115,Hybrid,-5.458648,31.96513,景顺中小盘,景顺长城基金管理有限公司,李孟海,,,,
260116,Hybrid,-44.444042,0.29527918,景顺核心A,景顺长城基金管理有限公司,余广,,,,
260117,Hybrid,5.0496826,37.11764,景顺产业,景顺长城基金管理有限公司,徐喻军,,,,
261001,Bond,-5.4941564,43.052692,景顺收益A,景顺长城基金管理有限公司,何江波,,,,
261002,Bond,-16.770145,29.203987,景顺增利A,景顺长城基金管理有限公司,何江波,,,,
261101,Bond,-5.0293374,41.46005,景顺收益C,景顺长城基金管理有限公司,何江波,,,,
261102,Bond,-15.680935,28.849018,景顺增利C,景顺长城基金管理有限公司,何江波,,,,
262001,QDII,9.942775,-6.5522776,景顺大中华,景顺长城基金管理有限公司,周寒颖,,,,
270001,Hybrid,-44.90879,1.0152977,广发聚富,广发基金管理有限公司,林英睿,苗宇,,,
270002,Hybrid,-36.31238,4.8272142,广发稳健,广发基金管理有限公司,傅友兴,,,,
270005,Hybrid,-45.14919,0.56290835,广发聚丰,广发基金管理有限公司,李琛,苗宇,邱ZF,,
270006,Hybrid,-40.489155,3.956439,广发优选,广发基金管理有限公司,罗洋,,,,
270007,Hybrid,-2.7470014,-32.64789,广发大盘,广发基金管理有限公司,程琨,李琛,苗宇,,
270008,Hybrid,-5.0445776,-44.077282,广发核心,广发基金管理有限公司,程琨,吴兴武,,,
270009,Bond,-16.11362,30.332186,广发强债,广发基金管理有限公司,谢军,,,,
270010,Stock,-39.77602,-21.383476,广发300ETF联接A,广发基金管理有限公司,刘杰,,,,
270021,Hybrid,-44.20762,0.8218552,广发聚瑞,广发基金管理有限公司,费逸,,,,
270022,Hybrid,-34.697144,5.2108393,广发内需,广发基金管理有限公司,王明旭,,,,
270025,Hybrid,-45.093147,0.4527878,广发行业A,广发基金管理有限公司,程琨,李琛,,,
270026,Stock,-4.8060822,-17.582394,广发中小板300联接,广发基金管理有限公司,刘杰,,,,
270028,Hybrid,-3.39097,13.156931,广发制造,广发基金管理有限公司,李巍,,,,
270029,Bond,40.009537,24.188435,广发聚财A,广发基金管理有限公司,代宇,,,,
270030,Bond,40.009537,24.188435,广发聚财B,广发基金管理有限公司,代宇,,,,
270041,Hybrid,-3.3868945,13.157562,广发消费,广发基金管理有限公司,李琛,田文舟,,,
270044,Bond,33.97223,21.66634,广发双债A,广发基金管理有限公司,代宇,,,,
270045,Bond,33.97235,21.666065,广发双债C,广发基金管理有限公司,代宇,,,,
270048,Bond,38.248383,19.976343,广发纯债A,广发基金管理有限公司,张芊,,,,
270049,Bond,38.069202,19.804873,广发纯债C,广发基金管理有限公司,张芊,,,,
270050,Hybrid,-45.148323,0.7487131,广发新经济,广发基金管理有限公司,邱ZF,,,,
288001,Hybrid,-34.193424,-4.1965575,华夏经典,华夏基金管理有限公司,佟巍,,,,
288002,Hybrid,12.175071,-0.83493423,华夏收入,华夏基金管理有限公司,郑煜,,,,
288102,Bond,-5.7221823,44.897488,华夏双利C,华夏基金管理有限公司,刘明宇,张海静,,,
290002,Hybrid,11.536338,0.28273547,泰信先行,泰信基金管理有限公司,王博强,,,,
290003,Bond,4.1869965,-21.247711,泰信债券,泰信基金管理有限公司,何俊春,,,,
290004,Hybrid,11.590154,0.41857132,泰信优质,泰信基金管理有限公司,刘杰,,,,
290005,Hybrid,-34.6509,4.840181,泰信优势,泰信基金管理有限公司,朱志权,,,,
290006,Hybrid,-2.196415,-32.81473,泰信蓝筹,泰信基金管理有限公司,车广路,,,,
290007,Bond,4.8689804,-21.042688,泰信增收A,泰信基金管理有限公司,何俊春,,,,
290008,Hybrid,-40.554405,4.6514387,泰信发展,泰信基金管理有限公司,钱鑫,,,,
290009,Bond,-15.843511,29.508324,泰信周期,泰信基金管理有限公司,何俊春,,,,
290010,Stock,-4.601591,22.61892,泰信200,泰信基金管理有限公司,张彦,,,,
290011,Hybrid,-5.458648,31.96513,泰信中小盘,泰信基金管理有限公司,董季周,刘杰,,,
290014,Hybrid,-40.468792,4.243494,泰信现代,泰信基金管理有限公司,王博强,,,,
291007,Bond,4.8689804,-21.042686,泰信增收C,泰信基金管理有限公司,何俊春,,,,
310308,Hybrid,-11.183548,-1.354313,申万精选,申万菱信基金管理有限公司,孙琳,,,,
310318,Stock,-41.68092,-21.452044,申万300增强,申万菱信基金管理有限公司,刘敦,袁英杰,,,
310328,Hybrid,-11.202457,-1.3728848,申万新动力,申万菱信基金管理有限公司,季新星,,,,
310358,Hybrid,-39.172695,-25.240477,申万新经济,申万菱信基金管理有限公司,林博程,,,,
310368,Hybrid,-11.202435,-1.372743,申万优势,申万菱信基金管理有限公司,孙琳,,,,
310388,Hybrid,-11.202435,-1.372743,申万消费,申万菱信基金管理有限公司,季新星,,,,
310398,Stock,-38.61992,-17.097702,申万300价值,申万菱信基金管理有限公司,荆一帆,,,,
310508,Bond,37.711147,20.185535,申万稳益宝,申万菱信基金管理有限公司,范磊,唐俊杰,,,
310518,Bond,1.1737089,3.4291165,申万可转债,申万菱信基金管理有限公司,范磊,,,,
320001,Hybrid,14.166427,-8.716808,诺安平衡,诺安基金管理有限公司,蔡宇滨,,,,
320003,Hybrid,-44.3352,1.0174304,诺安先锋,诺安基金管理有限公司,杨谷,,,,
320004,Bond,-5.7918506,42.648743,诺安优化,诺安基金管理有限公司,谢志华,,,,
320005,Hybrid,-44.331837,1.0306547,诺安价值,诺安基金管理有限公司,王创练,,,,
320006,Hybrid,-2.6009288,-25.47674,诺安灵活,诺安基金管理有限公司,张强,,,,
320007,Hybrid,13.935207,-8.11513,诺安成长,诺安基金管理有限公司,蔡嵩松,王创练,,,
320008,Bond,-5.739027,42.05527,诺安增利A,诺安基金管理有限公司,裴禹翔,,,,
320009,Bond,-4.376538,41.61342,诺安增利B,诺安基金管理有限公司,裴禹翔,,,,
320010,Stock,-1.5141076,16.195192,诺安100,诺安基金管理有限公司,梅律吾,,,,
320011,Hybrid,-5.458648,31.96513,诺安中小盘,诺安基金管理有限公司,韩冬燕,,,,
320012,Hybrid,-40.4522,4.3185773,诺安主题,诺安基金管理有限公司,罗春蕾,,,,
320016,Hybrid,-2.243922,-33.014156,诺安多策略,诺安基金管理有限公司,李玉良,,,,
320018,Hybrid,-31.952372,-2.5706782,诺安新动力,诺安基金管理有限公司,曲泉儒,张,,,
320021,Bond,43.793053,12.7696495,诺安双利,诺安基金管理有限公司,裴禹翔,,,,
340001,Hybrid,-10.311284,39.30625,兴全可转债,兴全基金管理有限公司,虞淼,,,,
340006,Stock,-42.528908,-2.3646276,兴全视野,兴全基金管理有限公司,王品,,,,
340007,Hybrid,-42.33253,-2.054877,兴全责任,兴全基金管理有限公司,季文华,,,,
340008,Hybrid,-37.112625,1.2261655,兴全有机,兴全基金管理有限公司,季侃乐,乔迁,,,
340009,Bond,-15.498602,27.413315,兴全磐稳,兴全基金管理有限公司,张睿,,,,
350001,Hybrid,-33.3354,5.198409,天治财富,天治基金管理有限公司,梁辰,,,,
350005,Hybrid,-3.2046003,13.522854,天治2025,天治基金管理有限公司,胡耀文,,,,
350006,Bond,-15.6903925,30.271154,天治稳健,天治基金管理有限公司,王洋,,,,
350007,Hybrid,20.782396,-35.52414,天治精选,天治基金管理有限公司,尹维国,,,,
350008,Hybrid,-3.1925952,13.53975,天治新消费,天治基金管理有限公司,尹维国,,,,
350009,Hybrid,20.582417,-35.504536,天治研究A,天治基金管理有限公司,TIAN.HUAN,,,,
360001,Stock,-39.559044,-24.379782,光大量化,光大保德信基金管理有限公司,翟云飞,金P毅,盛松,,
360005,Hybrid,5.243388,-23.444551,光大红利,光大保德信基金管理有限公司,金P毅,詹佳,,,
360006,Hybrid,-45.468815,1.9054309,光大增长,光大保德信基金管理有限公司,魏晓雪,,,,
360007,Hybrid,-41.639217,4.213138,光大优势,光大保德信基金管理有限公司,何奇,,,,
360008,Bond,-16.666813,30.02837,光大增利A,光大保德信基金管理有限公司,曾小丽,,,,
360009,Bond,-15.193166,29.461367,光大增利C,光大保德信基金管理有限公司,曾小丽,,,,
360010,Hybrid,-41.492455,4.671334,光大精选,光大保德信基金管理有限公司,戴奇雷,,,,
360011,Hybrid,-34.651005,4.8403955,光大配置,光大保德信基金管理有限公司,戴奇雷,,,,
360012,Hybrid,-5.611611,31.918522,光大小盘,光大保德信基金管理有限公司,戴奇雷,,,,
360013,Bond,-16.156284,30.326591,光大信用A,光大保德信基金管理有限公司,周华,,,,
360014,Bond,-15.441362,29.100906,光大信用C,光大保德信基金管理有限公司,周华,,,,
360016,Hybrid,-41.49243,4.671347,光大行业,光大保德信基金管理有限公司,董伟炜,,,,
370021,Bond,-4.4153605,42.208336,上投添利A,上投摩根基金管理有限公司,唐瑭,,,,
370022,Bond,-5.0067077,42.151424,上投添利B,上投摩根基金管理有限公司,唐瑭,,,,
370023,Stock,-1.4462758,36.290005,上投消费领先,上投摩根基金管理有限公司,黄栋,,,,
370024,Hybrid,-6.2630363,-46.347187,上投优选,上投摩根基金管理有限公司,孙芳,,,,
370027,Hybrid,-3.4946432,-42.7572,上投30,上投摩根基金管理有限公司,李德辉,,,,
371020,Bond,22.946655,25.629608,上投纯债A,上投摩根基金管理有限公司,聂曙光,,,,
371120,Bond,24.631763,26.585176,上投纯债B,上投摩根基金管理有限公司,聂曙光,,,,
372010,Bond,-5.742279,42.030407,上投强债A,上投摩根基金管理有限公司,刘阳,唐瑭,,,
372110,Bond,-5.5045543,41.69401,上投强债B,上投摩根基金管理有限公司,刘阳,唐瑭,,,
373010,Hybrid,1.9286114,18.405504,上投双息A,上投摩根基金管理有限公司,李博,孙芳,,,
373020,Hybrid,-1.1625537,-23.750618,上投双核,上投摩根基金管理有限公司,陈思郁,,,,
375010,Hybrid,-14.289057,3.4204242,上投优势,上投摩根基金管理有限公司,杜猛,,,,
376510,Stock,-6.263044,-46.347065,上投大盘,上投摩根基金管理有限公司,朱晓龙,,,,
377010,Hybrid,-17.70238,1.3143951,上 投 α,上投摩根基金管理有限公司,李博,,,,
377020,Hybrid,-5.009211,-42.15707,上投动力,上投摩根基金管理有限公司,刘辉,,,,
377150,Hybrid,-6.263037,-46.347187,上投品质,上投摩根基金管理有限公司,周战海,,,,
377240,Hybrid,-5.6382785,-43.00609,上投新兴A,上投摩根基金管理有限公司,杜猛,,,,
377530,Hybrid,-5.5451255,-42.605373,上投行业A,上投摩根基金管理有限公司,孙芳,,,,
378010,Hybrid,-17.203016,2.207891,上投先锋,上投摩根基金管理有限公司,张一甫,,,,
379010,Hybrid,0.1815099,2.5261092,上投中小盘,上投摩根基金管理有限公司,郭晨,,,,
380005,Bond,42.947536,14.01673,中银纯债A,中银基金管理有限公司,陈玮,,,,
380006,Bond,42.957066,13.645383,中银纯债C,中银基金管理有限公司,陈玮,,,,
380009,Bond,43.472855,12.680649,中银添利A,中银基金管理有限公司,陈玮,,,,
395001,Bond,24.24497,24.862806,中海稳健,中海基金管理有限公司,王含嫣,,,,
395011,Bond,20.717075,25.131184,中海强债A,中海基金管理有限公司,王含嫣,,,,
395012,Bond,20.71708,25.131372,中海强债C,中海基金管理有限公司,王含嫣,,,,
398001,Hybrid,-2.7250054,-32.624176,中海成长,中海基金管理有限公司,于航,,,,
398011,Hybrid,5.26854,-23.392097,中海分红,中海基金管理有限公司,邱红丽,,,,
398021,Hybrid,-2.5112877,-27.458143,中海能源,中海基金管理有限公司,姚晨曦,,,,
398031,Hybrid,-10.701438,1.3813266,中海蓝筹,中海基金管理有限公司,邱红丽,,,,
398041,Hybrid,-17.75641,2.3907013,中海量化,中海基金管理有限公司,彭海平,,,,
398051,Hybrid,-12.329272,4.6872687,中海新能源,中海基金管理有限公司,刘俊,,,,
398061,Hybrid,-0.6790676,34.331455,中海消费,中海基金管理有限公司,姚晨曦,,,,
399001,Stock,3.5835598,-19.437117,中海50,中海基金管理有限公司,彭海平,,,,
399011,Stock,-4.5119615,20.543308,中海医疗,中海基金管理有限公司,许定晴,易小金,,,
400001,Hybrid,13.533841,-8.099906,东 方 龙,东方基金管理有限责任公司,许文波,,,,
400003,Hybrid,13.115596,-8.458246,东方精选,东方基金管理有限责任公司,蒋茜,许文波,,,
400007,Hybrid,13.199148,-9.462783,东方策略,东方基金管理有限责任公司,王然,,,,
400009,Bond,23.16218,25.213545,东方稳健,东方基金管理有限责任公司,吴萍萍,,,,
400011,Hybrid,-45.04668,0.39290908,东方动力,东方基金管理有限责任公司,薛子徵,,,,
400015,Hybrid,-2.7790513,22.681154,东方新能源,东方基金管理有限责任公司,李瑞,,,,
400016,Bond,41.703457,10.334639,东方强化,东方基金管理有限责任公司,许文波,,,,
400020,Hybrid,-35.49374,-5.102975,东方回报,东方基金管理有限责任公司,李瑞,吴萍萍,,,
410001,Hybrid,13.267097,-9.968889,华富优选,华富基金管理有限公司,龚炜,,,,
410003,Hybrid,13.788113,-9.670902,华富成长,华富基金管理有限公司,陈启明,,,,
410004,Bond,-15.697152,30.273153,华富收益增强A,华富基金管理有限公司,尹培俊,,,,
410005,Bond,-15.288005,29.852434,华富收益增强B,华富基金管理有限公司,尹培俊,,,,
410006,Hybrid,-1.8726385,-25.768835,华富策略精选,华富基金管理有限公司,高靖瑜,,,,
410007,Hybrid,-35.446617,4.9207726,华富价值增长,华富基金管理有限公司,陈启明,,,,
410008,Stock,-1.5159663,16.192823,华富100,华富基金管理有限公司,郜哲,,,,
410009,Hybrid,-41.513763,3.8413677,华富量子,华富基金管理有限公司,龚炜,郦彬,,,
410010,Stock,-5.2379045,-19.449816,华富中小板,华富基金管理有限公司,郜哲,,,,
420001,Hybrid,3.9708421,-20.138,天弘精选,天弘基金管理有限公司,谷琦彬,姜晓丽,钱文成,,
420002,Bond,30.514603,7.5823865,天弘永利A,天弘基金管理有限公司,姜晓丽,,,,
420003,Hybrid,-4.136012,-42.568336,天弘永定,天弘基金管理有限公司,肖志刚,,,,
420005,Hybrid,-10.987729,-1.3006084,天弘策略,天弘基金管理有限公司,陈国光,谷琦彬,,,
420008,Bond,25.58679,5.447422,天弘债A,天弘基金管理有限公司,郭相博,刘盟盟,刘洋,,
420009,Hybrid,30.829947,-34.732716,天弘安康,天弘基金管理有限公司,姜晓丽,钱文成,,,
420102,Bond,30.513767,7.5824065,天弘永利B,天弘基金管理有限公司,姜晓丽,,,,
420108,Bond,25.120014,5.9180255,天弘债B,天弘基金管理有限公司,郭相博,刘盟盟,刘洋,,
450001,Hybrid,29.06635,19.19312,国富收益,国海富兰克林基金管理有限公司,徐荔蓉,,,,
450002,Hybrid,17.879025,-7.3894515,国富弹性,国海富兰克林基金管理有限公司,赵晓东,,,,
450003,Hybrid,17.680365,-7.9964385,国富潜力A,国海富兰克林基金管理有限公司,徐荔蓉,,,,
450004,Hybrid,-11.340734,-0.45879832,国富价值,国海富兰克林基金管理有限公司,刘晓,,,,
450005,Bond,38.241398,20.182034,国富债券A,国海富兰克林基金管理有限公司,刘怡敏,,,,
450006,Bond,37.710297,20.182947,国富债券C,国海富兰克林基金管理有限公司,刘怡敏,,,,
450007,Hybrid,-12.618041,-0.06950128,国富成长,国海富兰克林基金管理有限公司,杜飞,,,,
450008,Stock,-40.330666,-22.779175,国富300,国海富兰克林基金管理有限公司,张志强,,,,
450009,Stock,-5.0803146,31.707682,国富中小盘,国海富兰克林基金管理有限公司,赵晓东,,,,
450010,Hybrid,28.50351,19.065321,国富策略,国海富兰克林基金管理有限公司,王晓宁,,,,
450011,Hybrid,-10.868996,-0.18073702,国富精选,国海富兰克林基金管理有限公司,徐荔蓉,,,,
450018,Bond,40.17162,23.844765,国富恒久A,国海富兰克林基金管理有限公司,刘怡敏,,,,
450019,Bond,40.17162,23.844765,国富恒久C,国海富兰克林基金管理有限公司,刘怡敏,,,,
457001,QDII,15.465469,-3.8524601,国富机会,国海富兰克林基金管理有限公司,徐成,,,,
460001,Hybrid,13.46784,-9.828697,华泰盛世,华泰柏瑞基金管理有限公司,牛勇,,,,
460002,Hybrid,-10.701596,1.3813009,华泰成长A,华泰柏瑞基金管理有限公司,方伦煜,,,,
460003,Bond,23.627872,1.5969054,华泰增利B,华泰柏瑞基金管理有限公司,陈东,,,,
460005,Hybrid,-4.130927,-42.946262,华泰价值,华泰柏瑞基金管理有限公司,方纬,,,,
460007,Hybrid,-7.0295005,-42.61973,华泰行业,华泰柏瑞基金管理有限公司,吕慧建,,,,
460008,Bond,25.955128,-39.063126,华泰稳健A,华泰柏瑞基金管理有限公司,陈东,董元星,,,
460009,Hybrid,-6.189684,23.770222,华泰量化,华泰柏瑞基金管理有限公司,田汉卿,,,,
460108,Bond,25.955128,-39.063126,华泰稳健C,华泰柏瑞基金管理有限公司,陈东,董元星,,,
460220,Stock,-13.281123,-27.400644,华泰中小ETF联接,华泰柏瑞基金管理有限公司,柳军,,,,
460300,Stock,-39.53932,-21.493649,华泰300ETF联接A,华泰柏瑞基金管理有限公司,柳军,,,,
470006,Hybrid,-4.4311514,20.220613,汇添富医药A,汇添富基金管理股份有限公司,郑磊,,,,
470007,Stock,5.3429174,-19.805918,汇添富上综,汇添富基金管理股份有限公司,吴振翔,,,,
470008,Hybrid,-4.216154,-43.978928,汇添富策略,汇添富基金管理股份有限公司,顾耀强,,,,
470009,Hybrid,-1.4828013,25.105621,汇添富民营A,汇添富基金管理股份有限公司,马翔,,,,
470010,Bond,21.603264,5.819213,汇添富多元A,汇添富基金管理股份有限公司,曾刚,郑慧莲,,,
470011,Bond,21.604061,5.8195815,汇添富多元C,汇添富基金管理股份有限公司,曾刚,郑慧莲,,,
470018,Bond,24.594124,5.3302245,汇添富双债A,汇添富基金管理股份有限公司,吴江宏,郑慧莲,,,
470028,Hybrid,-45.06221,0.9456531,汇添富责任,汇添富基金管理股份有限公司,雷鸣,,,,
470058,Bond,-10.412232,39.23646,汇添富可转债A,汇添富基金管理股份有限公司,吴江宏,曾刚,,,
470059,Bond,-10.414108,39.237846,汇添富可转债C,汇添富基金管理股份有限公司,吴江宏,曾刚,,,
470068,Stock,-8.947317,-17.3275,汇添富300ETF联接,汇添富基金管理股份有限公司,过蓓蓓,赖中立,,,
470078,Bond,23.721167,24.859505,汇添富增收C,汇添富基金管理股份有限公司,陆文磊,徐光,,,
470098,Hybrid,-44.65485,1.1543195,汇添富逆向,汇添富基金管理股份有限公司,顾耀强,,,,
481001,Hybrid,-33.152985,-5.330301,工银价值A,工银瑞信基金管理有限公司,何肖颉,,,,
481004,Hybrid,-4.331345,-41.324795,工银成长A,工银瑞信基金管理有限公司,杜洋,,,,
481006,Hybrid,-0.24376725,22.21556,工银红利,工银瑞信基金管理有限公司,林念,,,,
481008,Hybrid,-5.6203027,-43.312496,工银蓝筹,工银瑞信基金管理有限公司,王筱苓,,,,
481009,Stock,-39.53932,-21.493649,工银300A,工银瑞信基金管理有限公司,刘伟琳,,,,
481010,Hybrid,-5.349704,30.99431,工银小盘,工银瑞信基金管理有限公司,黄安乐,农冰立,,,
481012,Stock,-9.450664,-16.330454,工银深红利ETF联接A,工银瑞信基金管理有限公司,赵栩,,,,
481013,Hybrid,-3.5976639,36.677307,工银消费,工银瑞信基金管理有限公司,王筱苓,,,,
481015,Hybrid,-17.606909,-2.3204842,工银主题,工银瑞信基金管理有限公司,黄安乐,,,,
481017,Hybrid,-0.9089908,15.146953,工银量化,工银瑞信基金管理有限公司,游凛峰,,,,
483003,Hybrid,-9.401286,3.8613575,工银平衡,工银瑞信基金管理有限公司,王君正,,,,
485005,Bond,30.514143,7.582389,工银强债B,工银瑞信基金管理有限公司,杜海涛,张略钊,,,
485007,Bond,31.099117,21.471663,工银添利B,工银瑞信基金管理有限公司,杜海涛,谷衡,,,
485011,Bond,45.36614,9.99535,工银双利B,工银瑞信基金管理有限公司,欧阳凯,宋炳|,魏欣,,
485014,Bond,24.651464,-33.7364,工银添颐B,工银瑞信基金管理有限公司,杜海涛,景晓达,宋炳|,,
485019,Bond,33.03633,19.257225,工银信用B,工银瑞信基金管理有限公司,何秀红,,,,
485105,Bond,30.513874,7.582383,工银强债A,工银瑞信基金管理有限公司,杜海涛,张略钊,,,
485107,Bond,31.099232,21.471666,工银添利A,工银瑞信基金管理有限公司,杜海涛,谷衡,,,
485111,Bond,45.368122,9.993293,工银双利A,工银瑞信基金管理有限公司,欧阳凯,宋炳|,魏欣,,
485114,Bond,24.651464,-33.7364,工银添颐A,工银瑞信基金管理有限公司,杜海涛,景晓达,宋炳|,,
485119,Bond,33.03777,19.257544,工银信用A,工银瑞信基金管理有限公司,何秀红,,,,
487016,Hybrid,24.300932,23.01903,工银灵活A,工银瑞信基金管理有限公司,李昱,,,,
510010,Stock,-11.554515,-24.540766,交银治理ETF,交银施罗德基金管理有限公司,蔡铮,,,,
510020,Stock,-11.608837,-27.907652,博时超大ETF,博时基金管理有限公司,万琼,,,,
510030,Stock,-9.320941,-25.889446,华宝价值ETF,华宝基金管理有限公司,丰晨成,,,,
510050,Stock,3.5968752,-19.459518,华夏50ETF,华夏基金管理有限公司,张弘|,,,,
510060,Stock,-10.145171,-24.398216,工银央企ETF,工银瑞信基金管理有限公司,赵栩,,,,
510070,Stock,-9.607781,-24.889725,鹏华民企ETF,鹏华基金管理有限公司,崔俊杰,张羽翔,,,
510080,Bond,13.931597,-11.106811,长盛债券,长盛基金管理有限公司,李琪,杨哲,,,
510081,Hybrid,13.764524,-7.711196,长盛精选,长盛基金管理有限公司,乔培涛,,,,
510090,Stock,-10.863587,-23.105856,建信责任ETF,建信基金管理有限责任公司,薛玲,,,,
510110,Stock,-12.668663,-25.622215,海富通周期ETF,海富通基金管理有限公司,江勇,,,,
510120,Stock,-13.803725,-25.027685,海富通非周期ETF,海富通基金管理有限公司,江勇,,,,
510130,Stock,-10.38385,-25.804914,易方达中盘ETF,易方达基金管理有限公司,刘树荣,,,,
510150,Stock,-9.661423,-26.068453,招商消费ETF,招商基金管理有限公司,苏燕青,,,,
510160,Stock,-5.960522,35.945175,南方小康ETF,南方基金管理股份有限公司,崔蕾,龚涛,,,
510170,Stock,-7.53878,-27.76363,国联安商品ETF,国联安基金管理有限公司,黄欣,,,,
510180,Stock,3.5968752,-19.459518,华安180ETF,华安基金管理有限公司,许之彦,,,,
510190,Stock,-9.905746,-25.170122,华安龙头ETF,华安基金管理有限公司,苏卿云,,,,
510210,Stock,5.3674417,-19.798162,富国综指ETF,富国基金管理有限公司,方F,王保合,,,
510220,Stock,-13.29525,-27.406816,华泰中小ETF,华泰柏瑞基金管理有限公司,柳军,,,,
510230,Stock,-10.178695,-26.341682,国泰金融ETF,国泰基金管理有限公司,艾小军,,,,
510260,Stock,-9.7546425,-25.596542,诺安上证新兴ETF,诺安基金管理有限公司,,,,,
510270,Stock,-9.670413,-24.94171,中银国企ETF,中银基金管理有限公司,赵建忠,,,,
510290,Stock,-4.209038,-16.023,南方上证380ETF,南方基金管理股份有限公司,孙伟,,,,
510300,Stock,-42.344772,-20.144447,华泰300ETF,华泰柏瑞基金管理有限公司,柳军,,,,
510310,Stock,-42.34477,-20.144445,易方达300ETF,易方达基金管理有限公司,杨俊,余海燕,,,
510330,Stock,-42.345158,-20.145023,华夏300ETF,华夏基金管理有限公司,张弘|,赵宗庭,,,
510410,Stock,-8.630464,-25.47008,博时资源ETF,博时基金管理有限公司,万琼,王祥,,,
510430,Stock,-11.564724,-26.71718,银华上证50ETF,银华基金管理股份有限公司,周大鹏,,,,
510440,Stock,-6.4502125,21.181807,大成中证500沪市ETF,大成基金管理有限公司,苏秉毅,,,,
510500,Stock,-6.0759535,24.22926,南方500ETF,南方基金管理股份有限公司,罗文杰,,,,
510510,Stock,-6.0759535,24.22926,广发500ETF,广发基金管理有限公司,刘杰,,,,
510630,Stock,-12.54288,-26.10263,华夏消费ETF,华夏基金管理有限公司,荣膺,,,,
510650,Stock,-13.08599,-25.709606,华夏金融ETF,华夏基金管理有限公司,李俊,徐猛,,,
510660,Stock,-12.323943,-25.51819,华夏医药ETF,华夏基金管理有限公司,张弘|,,,,
510880,Stock,5.2686534,-23.470102,华泰红利ETF,华泰柏瑞基金管理有限公司,柳军,,,,
511010,Bond,-9.985883,-27.203232,国泰国债ETF,国泰基金管理有限公司,艾小军,,,,
512010,Stock,-38.512764,-16.945856,易方达医药ETF,易方达基金管理有限公司,余海燕,,,,
518800,Other,-6.7228327,-32.195362,国泰黄金ETF,国泰基金管理有限公司,艾小军,徐成城,,,
518880,Other,-6.7228813,-32.195324,华安黄金易ETF,华安基金管理有限公司,许之彦,,,,
519001,Hybrid,-16.884499,1.5619264,银华优选,银华基金管理股份有限公司,倪明,苏静然,,,
519002,Hybrid,-1.4228021,36.303066,华安安信,华安基金管理有限公司,饶晓鹏,王斌,,,
519003,Hybrid,18.112408,-9.73813,海富通收益,海富通基金管理有限公司,周雪军,,,,
519005,Hybrid,17.796339,-8.669538,海富通股票,海富通基金管理有限公司,吕越超,,,,
519007,Hybrid,29.246866,-33.248108,海富通回报,海富通基金管理有限公司,谈云飞,陶敏,,,
519008,Hybrid,-2.6185055,-30.02114,汇添富优势,汇添富基金管理股份有限公司,王栩,,,,
519011,Hybrid,17.96912,-9.154705,海富通精选,海富通基金管理有限公司,黄峰,王智慧,,,
519013,Hybrid,17.843891,-8.806003,海富通优势,海富通基金管理有限公司,王金祥,,,,
519015,Hybrid,17.96912,-9.154705,海富通选贰,海富通基金管理有限公司,黄峰,王智慧,,,
519017,Hybrid,-32.570732,-6.7678504,大成成长,大成基金管理有限公司,王磊,,,,
519018,Hybrid,-4.5503182,-44.42758,汇添富均衡,汇添富基金管理股份有限公司,佘中强,,,,
519019,Hybrid,-17.306223,-2.539182,大成景阳,大成基金管理有限公司,李本刚,周志超,,,
519021,Hybrid,5.080582,-20.168135,国泰金鼎,国泰基金管理有限公司,饶玉涵,,,,
519023,Bond,-15.668314,28.853235,海富通债券C,海富通基金管理有限公司,何谦,谈云飞,,,
519024,Bond,-16.226244,29.471375,海富通债券A,海富通基金管理有限公司,何谦,谈云飞,,,
519025,Hybrid,17.796339,-8.669538,海富通领先,海富通基金管理有限公司,李志,,,,
519026,Hybrid,-5.3501496,30.995018,海富通小盘,海富通基金管理有限公司,周雪军,,,,
519027,Stock,-12.644271,-25.625633,海富通周期ETF联接,海富通基金管理有限公司,江勇,,,,
519029,Hybrid,13.105584,1.8313401,华夏稳增,华夏基金管理有限公司,彭海伟,郑泽鸿,,,
519030,Bond,26.066406,-33.500668,海富通稳固,海富通基金管理有限公司,陈轶平,杜晓海,,,
519032,Stock,-13.790528,-25.035416,海富通非周期ETF联接,海富通基金管理有限公司,江勇,,,,
519033,Hybrid,17.796339,-8.669538,海富通国策,海富通基金管理有限公司,施敏佳,,,,
519034,Stock,0.15778808,35.26637,海富通低碳,海富通基金管理有限公司,江勇,,,,
519035,Hybrid,-10.492904,-2.8364108,富国天博,富国基金管理有限公司,毕天宇,,,,
519039,Hybrid,-4.631878,-41.37834,长盛同德,长盛基金管理有限公司,冯雨生,,,,
519050,Hybrid,30.30548,-34.999012,海富通安颐A,海富通基金管理有限公司,杜晓海,谈云飞,夏妍妍,,
519066,Hybrid,-1.8772389,-25.7688,汇添富蓝筹,汇添富基金管理股份有限公司,雷鸣,,,,
519068,Hybrid,-5.0443482,-42.832264,汇添富焦点,汇添富基金管理股份有限公司,雷鸣,,,,
519069,Hybrid,-3.1000187,-41.678993,汇添富价值A,汇添富基金管理股份有限公司,劳杰男,,,,
519078,Bond,23.470518,24.96317,汇添富增收A,汇添富基金管理股份有限公司,陆文磊,徐光,,,
519087,Hybrid,-2.4374163,-25.823895,新华分红,新华基金管理股份有限公司,赵强,,,,
519089,Hybrid,-5.5026965,-42.458412,新华成长,新华基金管理股份有限公司,栾超,,,,
519091,Hybrid,-1.8726385,-25.768835,新华资源,新华基金管理股份有限公司,栾超,,,,
519093,Hybrid,-2.6902235,-43.39986,新华品质,新华基金管理股份有限公司,蔡春红,,,,
519095,Hybrid,-3.308037,-44.282513,新华行业,新华基金管理股份有限公司,刘彬,,,,
519097,Hybrid,-5.349684,30.994465,新华市值,新华基金管理股份有限公司,付伟,,,,
519099,Hybrid,-3.7210712,-42.928787,新华主题,新华基金管理股份有限公司,李会忠,,,,
519100,Stock,-1.5027256,16.206635,长盛100,长盛基金管理有限公司,冯雨生,,,,
519110,Hybrid,-41.07341,3.6576147,浦银价值A,浦银安盛基金管理有限公司,蒋建伟,,,,
519111,Bond,-16.109674,28.756794,浦银收益A,浦银安盛基金管理有限公司,章潇枫,钟明,,,
519112,Bond,-16.741478,29.842628,浦银收益C,浦银安盛基金管理有限公司,章潇枫,钟明,,,
519113,Hybrid,13.058178,-8.9331255,浦银生活,浦银安盛基金管理有限公司,吴勇,,,,
519115,Hybrid,-0.5094742,21.903875,浦银红利,浦银安盛基金管理有限公司,陈蔚丰,,,,
519116,Stock,-41.680992,-21.452223,浦银300,浦银安盛基金管理有限公司,陈士俊,,,,
519117,Stock,-10.170653,29.236412,浦银400,浦银安盛基金管理有限公司,陈士俊,,,,
519120,Hybrid,-2.8784397,23.929995,浦银战略,浦银安盛基金管理有限公司,吴勇,,,,
519150,Hybrid,-0.71535313,34.150608,新华消费,新华基金管理股份有限公司,崔建波,刘晓晨,,,
519152,Bond,37.875134,10.533484,新华纯债A,新华基金管理股份有限公司,于泽雨,,,,
519153,Bond,37.875103,10.533479,新华纯债C,新华基金管理股份有限公司,于泽雨,,,,
519156,Hybrid,-1.1625533,-23.750616,新华轮换A,新华基金管理股份有限公司,崔建波,,,,
519158,Hybrid,-2.6688917,-42.360256,新华领航,新华基金管理股份有限公司,蔡春红,崔建波,,,
519162,Bond,41.70545,10.329428,新华增怡A,新华基金管理股份有限公司,于泽雨,,,,
519163,Bond,41.70545,10.329428,新华增怡C,新华基金管理股份有限公司,于泽雨,,,,
519180,Stock,3.5805454,-19.435335,万家180,万家基金管理有限公司,朱小明,,,,
519181,Hybrid,-37.125355,4.7142005,万家和谐,万家基金管理有限公司,莫海波,,,,
519183,Hybrid,-2.4909809,-25.395884,万家灵活,万家基金管理有限公司,陈佳昀,叶勇,,,
519185,Hybrid,-2.9015284,-41.99708,万家精选,万家基金管理有限公司,李文宾,莫海波,,,
519186,Bond,23.583559,26.3138,万家稳增A,万家基金管理有限公司,陈佳昀,,,,
519187,Bond,23.103216,26.535267,万家稳增C,万家基金管理有限公司,陈佳昀,,,,
519188,Bond,38.04656,20.359331,万家信用A,万家基金管理有限公司,苏谋东,,,,
519189,Bond,38.069202,19.804873,万家信用C,万家基金管理有限公司,苏谋东,,,,
519300,Stock,-42.344772,-20.144447,大成300A/B,大成基金管理有限公司,苏秉毅,张钟玉,,,
519519,Bond,23.628115,1.5962708,华泰增利A,华泰柏瑞基金管理有限公司,陈东,,,,
519601,QDII,18.849733,-10.510181,海富通海外,海富通基金管理有限公司,高峥,陶意非,,,
519602,QDII,9.942751,-6.553649,海富通中华,海富通基金管理有限公司,高峥,陶意非,,,
519660,Bond,30.114994,-35.24764,银河增利A,银河基金管理有限公司,韩晶,蒋磊,,,
519661,Bond,30.346443,-35.69293,银河增利C,银河基金管理有限公司,韩晶,蒋磊,,,
519662,Bond,43.545776,13.419895,银河久益回报A,银河基金管理有限公司,蒋磊,,,,
519663,Bond,42.754738,12.832222,银河久益回报C,银河基金管理有限公司,蒋磊,,,,
519666,Bond,-17.191387,27.15324,银河银信B,银河基金管理有限公司,韩晶,蒋磊,,,
519667,Bond,-17.191172,27.153164,银河银信A,银河基金管理有限公司,韩晶,蒋磊,,,
519668,Hybrid,-4.5703354,-44.239212,银河成长,银河基金管理有限公司,祝建辉,,,,
519669,Bond,42.41245,12.979278,银河领先,银河基金管理有限公司,韩晶,蒋磊,,,
519670,Hybrid,-4.919663,-43.533306,银河行业,银河基金管理有限公司,王海华,,,,
519671,Stock,-38.62067,-17.09747,银河300,银河基金管理有限公司,罗博,,,,
519672,Hybrid,-2.2386525,-32.703335,银河蓝筹,银河基金管理有限公司,袁曦,,,,
519674,Hybrid,-6.253347,22.863665,银河创新,银河基金管理有限公司,郑巍山,,,,
519678,Hybrid,-0.75533706,34.024532,银河消费,银河基金管理有限公司,卢轶乔,,,,
519679,Hybrid,-2.2373302,-33.002876,银河主题,银河基金管理有限公司,张杨,,,,
519680,Bond,31.202145,21.684052,交银增利A/B,交银施罗德基金管理有限公司,魏玉敏,于海颖,,,
519682,Bond,31.20219,21.683994,交银增利C,交银施罗德基金管理有限公司,魏玉敏,于海颖,,,
519683,Bond,41.703453,10.334639,交银双利A/B,交银施罗德基金管理有限公司,唐S,,,,
519685,Bond,41.70545,10.329428,交银双利C,交银施罗德基金管理有限公司,唐S,,,,
519686,Stock,-11.540219,-24.552301,交银治理ETF联接,交银施罗德基金管理有限公司,蔡铮,,,,
519688,Hybrid,-32.66981,-5.3706107,交银精选,交银施罗德基金管理有限公司,王崇,,,,
519690,Hybrid,17.203547,-8.182747,交银稳健A,交银施罗德基金管理有限公司,陈孜铎,,,,
519692,Hybrid,11.782166,-0.325097,交银成长A,交银施罗德基金管理有限公司,王少成,,,,
519694,Hybrid,-1.6400304,17.759949,交银蓝筹,交银施罗德基金管理有限公司,王少成,,,,
519697,Hybrid,-31.952307,-2.5702703,交银行业,交银施罗德基金管理有限公司,何帅,,,,
519698,Hybrid,-5.203095,32.30514,交银先锋,交银施罗德基金管理有限公司,芮晨,,,,
519700,Hybrid,-31.95232,-2.5702684,交银主题,交银施罗德基金管理有限公司,沈楠,,,,
519702,Hybrid,-32.672424,-5.3696933,交银趋势,交银施罗德基金管理有限公司,韩威俊,,,,
519706,Stock,-9.579795,-16.932823,交银300价值ETF联接,交银施罗德基金管理有限公司,蔡铮,,,,
519712,Hybrid,-33.152985,-5.330301,交银核心,交银施罗德基金管理有限公司,何帅,,,,
519714,Stock,-0.5985713,34.54637,交银新驱动,交银施罗德基金管理有限公司,韩威俊,,,,
519718,Bond,43.504402,14.796212,交银纯债A/B,交银施罗德基金管理有限公司,魏玉敏,于海颖,,,
519720,Bond,44.307884,14.140381,交银纯债C,交银施罗德基金管理有限公司,魏玉敏,于海颖,,,
519723,Bond,42.15956,13.845412,交银双轮动A/B,交银施罗德基金管理有限公司,唐S,,,,
519725,Bond,43.69946,13.803547,交银双轮动C,交银施罗德基金管理有限公司,唐S,,,,
519726,Bond,26.481752,-33.644245,交银稳固收益,交银施罗德基金管理有限公司,凌超,,,,
519727,Hybrid,11.662725,1.257756,交银30,交银施罗德基金管理有限公司,郭斐,,,,
519730,Bond,41.70545,10.329428,交银月月丰A,交银施罗德基金管理有限公司,凌超,,,,
519731,Bond,41.70545,10.329428,交银月月丰C,交银施罗德基金管理有限公司,凌超,,,,
519732,Hybrid,21.011244,2.5471747,交银双息,交银施罗德基金管理有限公司,杨浩,,,,
519908,Hybrid,-2.6675205,-30.003176,华夏兴华A,华夏基金管理有限公司,阳琨,,,,
519976,Bond,12.864372,-11.356512,长信可转债C,长信基金管理有限责任公司,李家春,吴晖,,,
519977,Bond,12.864374,-11.356511,长信可转债A,长信基金管理有限责任公司,李家春,吴晖,,,
519979,Hybrid,-33.266354,-6.8640027,长信内需A,长信基金管理有限责任公司,安昀,,,,
519983,Hybrid,-33.152985,-5.330301,长信量化A,长信基金管理有限责任公司,左金保,,,,
519985,Bond,25.003307,4.346096,长信纯债A,长信基金管理有限责任公司,张文P,,,,
519987,Hybrid,-2.6468585,-30.015446,长信恒利,长信基金管理有限责任公司,叶松,,,,
519989,Bond,-15.39196,27.401989,长信利丰C,长信基金管理有限责任公司,李家春,吴晖,,,
519991,Hybrid,-0.52358705,14.256517,长信双利A,长信基金管理有限责任公司,安昀,祝昱丰,,,
519993,Hybrid,-2.6285167,-30.021532,长信增利,长信基金管理有限责任公司,叶松,,,,
519995,Hybrid,8.245842,-22.162498,长信金利,长信基金管理有限责任公司,高远,,,,
519997,Hybrid,13.641792,-9.39578,长信银利,长信基金管理有限责任公司,高远,,,,
530001,Hybrid,17.631716,-7.882614,建信价值,建信基金管理有限责任公司,陶灿,,,,
530003,Hybrid,12.045912,0.37819082,建信成长A,建信基金管理有限责任公司,姚锦,,,,
530005,Hybrid,11.605103,1.9920776,建信优化,建信基金管理有限责任公司,邱宇航,,,,
530006,Hybrid,-15.389397,2.884466,建信精选,建信基金管理有限责任公司,王东杰,,,,
530008,Bond,24.920265,26.324419,建信稳定增利C,建信基金管理有限责任公司,朱建华,,,,
530009,Bond,30.695604,20.829393,建信收益A,建信基金管理有限责任公司,李菁,,,,
530010,Stock,-10.861229,-23.110407,建信责任,建信基金管理有限责任公司,薛玲,,,,
530011,Hybrid,-15.38742,2.8820374,建信内生,建信基金管理有限责任公司,吴尚伟,,,,
530012,Hybrid,-11.914652,5.139226,建信积配,建信基金管理有限责任公司,姚锦,,,,
530015,Stock,-9.78403,-18.149597,建信深证60ETF联接A,建信基金管理有限责任公司,薛玲,,,,
530016,Hybrid,29.247179,-33.247803,建信恒稳,建信基金管理有限责任公司,吴尚伟,,,,
530017,Bond,24.457678,23.326931,建信双息A,建信基金管理有限责任公司,彭紫云,朱虹,,,
530018,Stock,-8.676522,-17.511051,建信100,建信基金管理有限责任公司,梁洪昀,,,,
530019,Hybrid,-15.386919,2.8812199,建信社会,建信基金管理有限责任公司,许杰,,,,
530020,Bond,-10.58097,39.102394,建信转债A,建信基金管理有限责任公司,朱建华,,,,
530021,Bond,44.01479,13.6136875,建信纯债A,建信基金管理有限责任公司,黎颖芳,彭紫云,,,
531009,Bond,30.695612,20.829397,建信收益C,建信基金管理有限责任公司,李菁,,,,
531020,Bond,-10.580982,39.102386,建信转债C,建信基金管理有限责任公司,朱建华,,,,
531021,Bond,44.34637,13.901184,建信纯债C,建信基金管理有限责任公司,黎颖芳,彭紫云,,,
540001,Hybrid,20.405842,-35.093403,汇丰2016,汇丰晋信基金管理有限公司,蔡若林,,,,
540002,Hybrid,16.774511,-7.37171,汇丰龙腾,汇丰晋信基金管理有限公司,严瑾,,,,
540003,Hybrid,19.421362,-4.3075013,汇丰策略A,汇丰晋信基金管理有限公司,郭敏,,,,
540004,Hybrid,19.444021,-4.2714453,汇丰2026,汇丰晋信基金管理有限公司,刘淑生,,,,
540005,Bond,37.875084,10.533503,汇丰增利A,汇丰晋信基金管理有限公司,李媛媛,,,,
540006,Stock,-39.559414,-24.380749,汇丰大盘A,汇丰晋信基金管理有限公司,郭敏,,,,
540007,Stock,-5.0803146,31.707682,汇丰中小盘,汇丰晋信基金管理有限公司,侯玉琦,,,,
540008,Stock,-2.9677718,24.906668,汇丰低碳,汇丰晋信基金管理有限公司,方超,,,,
540009,Stock,-1.4628768,36.280624,汇丰消费,汇丰晋信基金管理有限公司,是星涛,,,,
540010,Stock,-3.6952791,35.74156,汇丰科技,汇丰晋信基金管理有限公司,陈平,,,,
540012,Stock,16.195381,-9.320838,汇丰恒生A,汇丰晋信基金管理有限公司,方磊,,,,
541005,Bond,37.874897,10.533489,汇丰增利C,汇丰晋信基金管理有限公司,李媛媛,,,,
550001,Hybrid,11.409278,1.623444,信诚四季,中信保诚基金管理有限公司,吴昊,夏明月,,,
550002,Hybrid,13.967459,-9.764602,中信保诚精萃,中信保诚基金管理有限公司,王睿,,,,
550003,Hybrid,13.641792,-9.39578,中信保诚盛世,中信保诚基金管理有限公司,吴昊,,,,
550004,Bond,-5.722281,44.897102,信诚三得益A,中信保诚基金管理有限公司,宋海娟,,,,
550005,Bond,-5.7222853,44.897022,信诚三得益B,中信保诚基金管理有限公司,宋海娟,,,,
550008,Hybrid,13.607401,-7.921223,信诚优胜,中信保诚基金管理有限公司,王睿,,,,
550009,Hybrid,0.6889414,2.902461,信诚小盘,中信保诚基金管理有限公司,郑伟,,,,
550018,Bond,-3.9902194,42.770412,信诚优质A,中信保诚基金管理有限公司,王国强,,,,
550019,Bond,-4.797933,42.690506,信诚优质B,中信保诚基金管理有限公司,王国强,,,,
560002,Hybrid,-36.312138,4.827096,益民红利,益民基金管理有限公司,吕伟,,,,
560003,Hybrid,-41.639217,4.213138,益民创新,益民基金管理有限公司,吕伟,,,,
560006,Hybrid,-35.44728,4.927874,益民核心,益民基金管理有限公司,吕伟,,,,
570001,Hybrid,-2.612843,-43.015823,诺德价值,诺德基金管理有限公司,罗世锋,,,,
570005,Hybrid,-5.2691116,-43.892868,诺德成长,诺德基金管理有限公司,郝旭东,,,,
570006,Hybrid,-5.349704,30.99431,诺德中小盘,诺德基金管理有限公司,顾钰,王S,,,
570007,Hybrid,-38.9962,-25.621191,诺德30,诺德基金管理有限公司,杨霞辉,,,,
570008,Hybrid,-38.996166,-25.621151,诺德周期,诺德基金管理有限公司,罗世锋,,,,
571002,Hybrid,-2.6009355,-25.476759,诺德主题,诺德基金管理有限公司,朱红,,,,
573003,Bond,37.64623,20.0885,诺德债券,诺德基金管理有限公司,景辉,刘先政,应颖,,
580001,Hybrid,2.673956,-17.785732,东吴嘉禾,东吴基金管理有限公司,胡启聪,彭敢,,,
580002,Hybrid,11.590096,1.3132061,东吴动力,东吴基金管理有限公司,戴斌,,,,
580003,Hybrid,-41.58288,4.595902,东吴行业,东吴基金管理有限公司,王立立,,,,
580005,Hybrid,-36.312164,4.8271246,东吴进取,东吴基金管理有限公司,赵梅玲,,,,
580006,Hybrid,-41.071896,4.2876816,东吴新经济,东吴基金管理有限公司,张能进,,,,
580007,Hybrid,-6.7579813,-2.0242367,东吴安享,东吴基金管理有限公司,刘瑞,,,,
580008,Hybrid,-1.9604731,24.430216,东吴新产业,东吴基金管理有限公司,刘瑞,,,,
580009,Hybrid,-6.59805,-2.0288043,东吴多策略,东吴基金管理有限公司,刘瑞,,,,
582001,Bond,-16.847105,29.565096,东吴优信A,东吴基金管理有限公司,刘元海,杨庆定,,,
582002,Bond,42.977123,14.769457,东吴增利A,东吴基金管理有限公司,王文华,,,,
582201,Bond,-15.176403,29.507772,东吴优信C,东吴基金管理有限公司,刘元海,杨庆定,,,
582202,Bond,43.265854,14.4064865,东吴增利C,东吴基金管理有限公司,王文华,,,,
585001,Stock,-2.8296487,23.556147,东吴中证新兴,东吴基金管理有限公司,周鑫怿,朱冰兵,,,
590001,Hybrid,-17.191296,1.2655824,中邮优选,中邮创业基金管理股份有限公司,杨欢,,,,
590002,Hybrid,-17.194344,1.2715354,中邮成长,中邮创业基金管理股份有限公司,纪云飞,,,,
590003,Hybrid,-1.8726383,-25.768835,中邮优势,中邮创业基金管理股份有限公司,张腾,,,,
590005,Hybrid,-5.4593034,-43.568783,中邮主题,中邮创业基金管理股份有限公司,陈梁,,,,
590006,Hybrid,-6.379821,31.047684,中邮中小盘,中邮创业基金管理股份有限公司,尚杰,杨欢,,,
590007,Stock,-4.228739,-16.028057,中邮380,中邮创业基金管理股份有限公司,王,俞科进,,,
590008,Hybrid,-2.7828217,18.738195,中邮战略,中邮创业基金管理股份有限公司,杨欢,,,,
590009,Bond,45.366734,9.993225,中邮稳定A,中邮创业基金管理股份有限公司,吴昊,张萌,,,
590010,Bond,45.368538,9.993255,中邮稳定C,中邮创业基金管理股份有限公司,吴昊,张萌,,,
610001,Hybrid,-18.011984,1.5753962,信达领先,信达澳银基金管理有限公司,李朝伟,王咏辉,,,
610002,Hybrid,-12.155395,4.487871,信达精华,信达澳银基金管理有限公司,冯明远,,,,
610003,Bond,24.738161,25.116785,信达稳定A,信达澳银基金管理有限公司,孔学峰,,,,
610004,Hybrid,-5.9149117,31.51351,信达小盘,信达澳银基金管理有限公司,曾国富,,,,
610005,Hybrid,-0.24290553,21.57328,信达红利,信达澳银基金管理有限公司,王辉良,邹运,,,
610006,Hybrid,-17.757267,2.3818629,信达产业,信达澳银基金管理有限公司,曾国富,,,,
610007,Hybrid,-17.41311,2.4719424,信达消费,信达澳银基金管理有限公司,曾国富,,,,
610008,Bond,23.702381,24.862368,信达信用债A,信达澳银基金管理有限公司,尹华龙,,,,
610103,Bond,24.886992,26.25992,信达稳定B,信达澳银基金管理有限公司,孔学峰,,,,
610108,Bond,24.9325,25.482744,信达信用债C,信达澳银基金管理有限公司,尹华龙,,,,
620001,Hybrid,12.489455,-9.422962,金元宝石动力,金元顺安基金管理有限公司,闵杭,,,,
620002,Hybrid,12.6354,-9.445682,金元成长动力,金元顺安基金管理有限公司,贾丽杰,,,,
620003,Bond,25.114506,5.2770724,金元丰利债券,金元顺安基金管理有限公司,孙权,周博洋,,,
620004,Hybrid,-42.332687,-2.054877,金元价值增长,金元顺安基金管理有限公司,贾丽杰,,,,
620006,Hybrid,-16.907547,1.4942018,金元消费主题,金元顺安基金管理有限公司,闵杭,,,,
620007,Hybrid,-11.914652,5.139226,金元优质精选A,金元顺安基金管理有限公司,张博,周博洋,,,
620008,Hybrid,-17.244926,2.337147,金元经济主题,金元顺安基金管理有限公司,,,,,
630001,Hybrid,-2.660284,-30.008215,华商领先,华商基金管理有限公司,李双全,彭欣杨,,,
630002,Hybrid,-2.5313091,-33.160004,华商盛世,华商基金管理有限公司,周海栋,,,,
630003,Bond,-4.6091413,43.25302,华商债券A,华商基金管理有限公司,张永志,,,,
630005,Hybrid,-1.3758432,-24.570961,华商动态,华商基金管理有限公司,艾定飞,邓默,,,
630006,Hybrid,-2.4087942,-33.144577,华商产业,华商基金管理有限公司,彭欣杨,,,,
630007,Bond,-4.8118296,42.653324,华商稳健A,华商基金管理有限公司,张永志,,,,
630008,Hybrid,-1.9492394,-24.282667,华商策略,华商基金管理有限公司,周海栋,,,,
630009,Bond,30.338873,-34.971325,华商稳定A,华商基金管理有限公司,张永志,,,,
630010,Hybrid,-2.7568042,-33.042294,华商价值,华商基金管理有限公司,陈恒,彭欣杨,,,
630011,Hybrid,-2.3591795,-32.580364,华商主题,华商基金管理有限公司,童立,周海栋,,,
630015,Hybrid,-1.9402949,-24.283598,华商大盘,华商基金管理有限公司,王东旋,,,,
630016,Hybrid,-1.3594164,-24.580318,华商灵活,华商基金管理有限公司,何奇峰,,,,
630103,Bond,-4.5266623,42.486908,华商债券B,华商基金管理有限公司,张永志,,,,
630107,Bond,-4.940581,43.229736,华商稳健B,华商基金管理有限公司,张永志,,,,
630109,Bond,31.120535,-35.630417,华商稳定C,华商基金管理有限公司,张永志,,,,
650001,Bond,26.726074,3.4284608,英大纯债A,英大基金管理有限公司,易祺坤,,,,
650002,Bond,27.192743,4.751004,英大纯债C,英大基金管理有限公司,易祺坤,,,,
660001,Hybrid,-40.70747,4.7396345,农银成长A,农银汇理基金管理有限公司,郭世凯,,,,
660002,Bond,30.688099,20.806622,农银增利A,农银汇理基金管理有限公司,史向明,,,,
660003,Hybrid,-34.697044,5.2105637,农银平衡,农银汇理基金管理有限公司,陈富权,,,,
660004,Hybrid,-41.516632,3.8466241,农银策略,农银汇理基金管理有限公司,陈富权,,,,
660005,Hybrid,-5.611611,31.918522,农银中小盘,农银汇理基金管理有限公司,付娟,徐文卉,,,
660006,Hybrid,-40.92697,4.8034563,农银大盘,农银汇理基金管理有限公司,宋永安,,,,
660008,Stock,-40.583492,-21.433918,农银300A,农银汇理基金管理有限公司,宋永安,,,,
660009,Bond,21.603615,5.8193436,农银收益A,农银汇理基金管理有限公司,史向明,周宇,,,
660010,Hybrid,-40.81758,4.768627,农银精选,农银汇理基金管理有限公司,张峰,,,,
660011,Stock,-6.189684,23.770222,农银500,农银汇理基金管理有限公司,宋永安,,,,
660012,Hybrid,-41.271465,3.740376,农银消费A,农银汇理基金管理有限公司,付娟,徐文卉,,,
660013,Bond,23.085987,4.154305,农银添利,农银汇理基金管理有限公司,姚臻,,,,
660015,Hybrid,-41.639225,4.213238,农银行业,农银汇理基金管理有限公司,郭世凯,,,,
660102,Bond,30.6879,20.80658,农银增利C,农银汇理基金管理有限公司,史向明,,,,
660109,Bond,21.603613,5.8193436,农银收益C,农银汇理基金管理有限公司,史向明,周宇,,,
671010,Hybrid,-3.5427856,-41.50243,西部策略,西部利得基金管理有限公司,刘荟,,,,
673010,Hybrid,-1.9402949,-24.283598,西部新动向,西部利得基金管理有限公司,刘荟,,,,
675011,Bond,45.191055,9.87244,西部双利A,西部利得基金管理有限公司,韩丽楠,林静,,,
675013,Bond,45.191147,9.872439,西部双利C,西部利得基金管理有限公司,韩丽楠,林静,,,
686868,Bond,43.893616,12.891995,浙商聚盈A,浙商基金管理有限公司,刘爱民,周锦程,,,
686869,Bond,42.22843,14.297863,浙商聚盈C,浙商基金管理有限公司,刘爱民,周锦程,,,
688888,Hybrid,-2.2779174,-32.641518,浙商成长,浙商基金管理有限公司,贾腾,,,,
690001,Hybrid,-1.8726385,-25.768835,民生蓝筹,民生加银基金管理有限公司,高松,,,,
690002,Bond,25.97959,5.9882402,民生强债A,民生加银基金管理有限公司,吕军涛,杨林耘,,,
690003,Hybrid,-4.1759043,-41.882256,民生精选,民生加银基金管理有限公司,黄一明,,,,
690004,Hybrid,-4.7639065,-41.74593,民生稳健,民生加银基金管理有限公司,蒯学章,,,,
690005,Hybrid,-3.7121906,-42.3781,民生内需,民生加银基金管理有限公司,柳世庆,,,,
690006,Bond,40.17162,23.844765,民生双利A,民生加银基金管理有限公司,高松,杨林耘,,,
690007,Hybrid,-4.843867,-43.08963,民生景气,民生加银基金管理有限公司,王亮,,,,
690008,Stock,0.41133797,34.054356,民生资源,民生加银基金管理有限公司,蔡晓,武杰,,,
690009,Hybrid,-0.83354783,21.59646,民生红利,民生加银基金管理有限公司,王亮,,,,
690011,Hybrid,-35.069508,-5.199,民生积极,民生加银基金管理有限公司,金耀,,,,
690202,Bond,25.692131,3.058579,民生强债C,民生加银基金管理有限公司,吕军涛,杨林耘,,,
690206,Bond,40.17162,23.844765,民生双利C,民生加银基金管理有限公司,高松,杨林耘,,,
700001,Hybrid,-44.827778,-0.89258575,平安行业,平安基金管理有限公司,刘杰,,,,
700002,Stock,-8.947317,-17.327501,平安深证300,平安基金管理有限公司,DANIEL.DONGNING.SUN,施旭,,,
700003,Hybrid,-35.448742,4.9389057,平安策略,平安基金管理有限公司,神爱前,,,,
700004,Hybrid,-35.448566,4.9410067,平安灵活,平安基金管理有限公司,刘杰,,,,
700005,Bond,-16.202248,29.497217,平安添利A,平安基金管理有限公司,WANG.AO,,,,
700006,Bond,-16.452547,28.826645,平安添利C,平安基金管理有限公司,WANG.AO,,,,
710001,Hybrid,-2.821915,-32.907627,富安达优势,富安达基金管理有限公司,吴战峰,,,,
710002,Hybrid,-1.9225144,-24.2903,富安达策略,富安达基金管理有限公司,李守峰,毛矛,,,
710301,Bond,21.357584,23.414171,富安达强债A,富安达基金管理有限公司,李飞,,,,
710302,Bond,21.35738,23.41473,富安达强债C,富安达基金管理有限公司,李飞,,,,
720001,Hybrid,-2.3817925,-25.853409,财通价值,财通基金管理有限公司,金梓才,,,,
720002,Bond,31.14865,-34.901764,财通策略A,财通基金管理有限公司,林洪钧,,,,
730001,Hybrid,-44.350662,0.37946156,方正创新动力A,方正富邦基金管理有限公司,符健,,,,
730002,Hybrid,-0.46270242,21.878683,方正红利A,方正富邦基金管理有限公司,方伟宁,吴昊,,,
740001,Hybrid,-44.169716,0.6485244,长安策略,长安基金管理有限公司,顾晓飞,,,,
740101,Stock,-37.2788,-15.987966,长安300,长安基金管理有限公司,林忠晶,,,,
750001,Hybrid,-12.308339,4.654802,安信灵活,安信基金管理有限责任公司,张竞,,,,
750002,Bond,29.787819,-31.19721,安信收益A,安信基金管理有限责任公司,李君,张翼飞,,,
750003,Bond,29.78761,-31.19732,安信收益C,安信基金管理有限责任公司,李君,张翼飞,,,
750005,Hybrid,24.887157,23.218096,安信稳增A,安信基金管理有限责任公司,张明,庄园,,,
762001,Hybrid,26.066406,-33.500668,国金国鑫,国金基金管理有限公司,徐艳芳,张航,滕祖光,,
770001,Hybrid,21.173662,-35.62678,德邦优化,德邦基金管理有限公司,房建威,,,,
