code,symbol,issuer,fund_type,manager_0,manager_1,manager_2,manager_3,manager_4
519661,银河增利C,银河基金管理有限公司,Bond,韩晶,蒋磊,,,
61,华夏盛世,华夏基金管理有限公司,Hybrid,代瑞亮,王晓李,,,
398061,中海消费,中海基金管理有限公司,Hybrid,姚晨曦,,,,
519995,长信金利,长信基金管理有限责任公司,Hybrid,高远,,,,
519095,新华行业,新华基金管理股份有限公司,Hybrid,刘彬,,,,
395,汇添富安心A,汇添富基金管理股份有限公司,Bond,何F,茹奕菡,,,
470059,汇添富可转债C,汇添富基金管理股份有限公司,Bond,吴江宏,曾刚,,,
259,农银区间,农银汇理基金管理有限公司,Hybrid,陈富权,,,,
59,国联安医药A,国联安基金管理有限公司,Stock,黄欣,,,,
519692,交银成长A,交银施罗德基金管理有限公司,Hybrid,王少成,,,,
192,富国信用债C,富国基金管理有限公司,Bond,黄纪亮,,,,
166,中海信息产业,中海基金管理有限公司,Hybrid,刘俊,,,,
100066,富国纯债A/B,富国基金管理有限公司,Bond,武磊,,,,
66,诺安鸿鑫,诺安基金管理有限公司,Hybrid,罗春蕾,,,,
519066,汇添富蓝筹,汇添富基金管理股份有限公司,Hybrid,雷鸣,,,,
519666,银河银信B,银河基金管理有限公司,Bond,韩晶,蒋磊,,,
257050,国联安主题,国联安基金管理有限公司,Hybrid,张汉毅,,,,
510150,招商消费ETF,招商基金管理有限公司,Stock,苏燕青,,,,
377150,上投品质,上投摩根基金管理有限公司,Hybrid,周战海,,,,
510650,华夏金融ETF,华夏基金管理有限公司,Stock,李俊,徐猛,,,
510050,华夏50ETF,华夏基金管理有限公司,Stock,张弘|,,,,
519050,海富通安颐A,海富通基金管理有限公司,Hybrid,杜晓海,谈云飞,夏妍妍,,
270050,广发新经济,广发基金管理有限公司,Hybrid,邱ZF,,,,
150,华安双债C,华安基金管理有限公司,Bond,贺涛,朱才敏,,,
519150,新华消费,新华基金管理股份有限公司,Hybrid,崔建波,刘晓晨,,,
310368,申万优势,申万菱信基金管理有限公司,Hybrid,孙琳,,,,
686868,浙商聚盈A,浙商基金管理有限公司,Bond,刘爱民,周锦程,,,
519668,银河成长,银河基金管理有限公司,Hybrid,祝建辉,,,,
68,民生转债C,民生加银基金管理有限公司,Bond,邱世磊,,,,
100068,富国纯债C,富国基金管理有限公司,Bond,武磊,,,,
519068,汇添富焦点,汇添富基金管理股份有限公司,Hybrid,雷鸣,,,,
470068,汇添富300ETF联接,汇添富基金管理股份有限公司,Stock,过蓓蓓,赖中立,,,
368,汇添富动态策略,汇添富基金管理股份有限公司,Stock,吴振翔,,,,
57,中银消费,中银基金管理有限公司,Hybrid,钱亚风云,,,,
80003,长盛积极,长盛基金管理有限公司,Bond,段鹏,冯雨生,王赛飞,,
180003,银华88,银华基金管理股份有限公司,Stock,周晶,,,,
550003,中信保诚盛世,中信保诚基金管理有限公司,Hybrid,吴昊,,,,
450003,国富潜力A,国海富兰克林基金管理有限公司,Hybrid,徐荔蓉,,,,
213003,宝盈策略,宝盈基金管理有限公司,Hybrid,蔡丹,刘李杰,朱建明,,
110003,易方达50A,易方达基金管理有限公司,Stock,张胜记,,,,
630003,华商债券A,华商基金管理有限公司,Bond,张永志,,,,
3,中海可转债A,中海基金管理有限公司,Bond,彭海平,,,,
620003,金元丰利债券,金元顺安基金管理有限公司,Bond,孙权,周博洋,,,
610103,信达稳定B,信达澳银基金管理有限公司,Bond,孔学峰,,,,
161603,融通债A/B,融通基金管理有限公司,Bond,王超,,,,
519003,海富通收益,海富通基金管理有限公司,Hybrid,周雪军,,,,
90003,大成蓝筹,大成基金管理有限公司,Hybrid,侯春燕,,,,
540003,汇丰策略A,汇丰晋信基金管理有限公司,Hybrid,郭敏,,,,
630103,华商债券B,华商基金管理有限公司,Bond,张永志,,,,
700003,平安策略,平安基金管理有限公司,Hybrid,神爱前,,,,
20003,国泰精选,国泰基金管理有限公司,Hybrid,杨飞,,,,
166903,民生增利C,民生加银基金管理有限公司,Bond,胡振仓,,,,
163503,天治核心,天治基金管理有限公司,Hybrid,许家涵,,,,
690003,民生精选,民生加银基金管理有限公司,Hybrid,黄一明,,,,
240003,华宝宝康债券,华宝基金管理有限公司,Bond,李栋梁,,,,
560003,益民创新,益民基金管理有限公司,Hybrid,吕伟,,,,
460003,华泰增利B,华泰柏瑞基金管理有限公司,Bond,陈东,,,,
217003,招商债券A,招商基金管理有限公司,Bond,康晶,,,,
260103,景顺平衡,景顺长城基金管理有限公司,Hybrid,刘苏,,,,
610003,信达稳定A,信达澳银基金管理有限公司,Bond,孔学峰,,,,
483003,工银平衡,工银瑞信基金管理有限公司,Hybrid,王君正,,,,
217203,招商债券B,招商基金管理有限公司,Bond,康晶,,,,
290003,泰信债券,泰信基金管理有限公司,Bond,何俊春,,,,
161903,万家优选,万家基金管理有限公司,Hybrid,黄兴亮,,,,
150103,银河银泰,银河基金管理有限公司,Hybrid,张杨,,,,
420003,天弘永定,天弘基金管理有限公司,Hybrid,肖志刚,,,,
210003,金鹰行业,金鹰基金管理有限公司,Hybrid,倪超,,,,
202003,南方绩优A,南方基金管理股份有限公司,Hybrid,骆帅,史博,,,
162203,泰达稳定,泰达宏利基金管理有限公司,Hybrid,冀楠,庄腾飞,,,
530003,建信成长A,建信基金管理有限责任公司,Hybrid,姚锦,,,,
160603,鹏华收益,鹏华基金管理有限公司,Hybrid,陈璇淼,蒋鑫,,,
750003,安信收益C,安信基金管理有限责任公司,Bond,李君,张翼飞,,,
1003,华夏债券C类,华夏基金管理有限公司,Bond,何家琪,,,,
159903,南方深成ETF,南方基金管理股份有限公司,Stock,孙伟,,,,
70003,嘉实稳健,嘉实基金管理有限公司,Hybrid,归凯,张淼,,,
573003,诺德债券,诺德基金管理有限公司,Bond,景辉,刘先政,应颖,,
410003,华富成长,华富基金管理有限公司,Hybrid,陈启明,,,,
206003,鹏华信用A,鹏华基金管理有限公司,Bond,方昶,王石千,,,
162703,广发小盘,广发基金管理有限公司,Hybrid,刘格菘,,,,
580003,东吴行业,东吴基金管理有限公司,Hybrid,王立立,,,,
121003,国投核心,国投瑞银基金管理有限公司,Hybrid,吉莉,于雷,,,
590003,中邮优势,中邮创业基金管理股份有限公司,Hybrid,张腾,,,,
163803,中银增长A,中银基金管理有限公司,Hybrid,辜岚,,,,
660003,农银平衡,农银汇理基金管理有限公司,Hybrid,陈富权,,,,
400003,东方精选,东方基金管理有限责任公司,Hybrid,蒋茜,许文波,,,
202103,南方多利A,南方基金管理股份有限公司,Bond,郑迎迎,,,,
320003,诺安先锋,诺安基金管理有限公司,Hybrid,杨谷,,,,
620004,金元价值增长,金元顺安基金管理有限公司,Hybrid,贾丽杰,,,,
4,中海可转债C,中海基金管理有限公司,Bond,彭海平,,,,
540004,汇丰2026,汇丰晋信基金管理有限公司,Hybrid,刘淑生,,,,
90004,大成精选,大成基金管理有限公司,Hybrid,李博,,,,
161604,融通100A/B,融通基金管理有限公司,Stock,何天翔,,,,
550004,信诚三得益A,中信保诚基金管理有限公司,Bond,宋海娟,,,,
450004,国富价值,国海富兰克林基金管理有限公司,Hybrid,刘晓,,,,
404,易方达新兴,易方达基金管理有限公司,Hybrid,刘武,,,,
260104,景顺增长,景顺长城基金管理有限公司,Hybrid,刘彦春,,,,
104,华宸添利A,华宸未来基金管理有限公司,Bond,应晓立,,,,
610004,信达小盘,信达澳银基金管理有限公司,Hybrid,曾国富,,,,
481004,工银成长A,工银瑞信基金管理有限公司,Hybrid,杜洋,,,,
166904,民生添利A,民生加银基金管理有限公司,Bond,陆欣,,,,
700004,平安灵活,平安基金管理有限公司,Hybrid,刘杰,,,,
240004,华宝动力,华宝基金管理有限公司,Hybrid,刘自强,,,,
690004,民生稳健,民生加银基金管理有限公司,Hybrid,蒯学章,,,,
162204,泰达精选,泰达宏利基金管理有限公司,Hybrid,陈丹琳,,,,
210004,金鹰稳健,金鹰基金管理有限公司,Hybrid,陈立,于利强,,,
290004,泰信优质,泰信基金管理有限公司,Hybrid,刘杰,,,,
660004,农银策略,农银汇理基金管理有限公司,Hybrid,陈富权,,,,
40004,华安宝利,华安基金管理有限公司,Hybrid,陈媛,,,,
163804,中银收益A,中银基金管理有限公司,Hybrid,陈军,,,,
320004,诺安优化,诺安基金管理有限公司,Bond,谢志华,,,,
206004,鹏华信用B,鹏华基金管理有限公司,Bond,方昶,王石千,,,
410004,华富收益增强A,华富基金管理有限公司,Bond,尹培俊,,,,
50004,博时精选,博时基金管理有限公司,Hybrid,李权胜,杨鹏,,,
70032,嘉实优化,嘉实基金管理有限公司,Hybrid,常蓁,,,,
159932,大成500深ETF,大成基金管理有限公司,Stock,张钟玉,,,,
519732,交银双息,交银施罗德基金管理有限公司,Hybrid,杨浩,,,,
519032,海富通非周期ETF联接,海富通基金管理有限公司,Stock,江勇,,,,
32,易方达信用债A,易方达基金管理有限公司,Bond,胡剑,纪玲云,,,
100032,富国红利,富国基金管理有限公司,Stock,方F,徐幼华,,,
40035,华安逆向,华安基金管理有限公司,Hybrid,崔莹,,,,
110035,易方达双债A,易方达基金管理有限公司,Bond,王晓晨,,,,
435,建信添利A,建信基金管理有限责任公司,Bond,朱建华,,,,
519035,富国天博,富国基金管理有限公司,Hybrid,毕天宇,,,,
100035,富国优化A/B,富国基金管理有限公司,Bond,俞晓斌,张明凯,,,
686869,浙商聚盈C,浙商基金管理有限公司,Bond,刘爱民,周锦程,,,
519669,银河领先,银河基金管理有限公司,Bond,韩晶,蒋磊,,,
69,国投中高债A,国投瑞银基金管理有限公司,Bond,宋璐,,,,
519069,汇添富价值A,汇添富基金管理股份有限公司,Hybrid,劳杰男,,,,
256,上投红利A,上投摩根基金管理有限公司,Hybrid,聂曙光,,,,
56,建信消费,建信基金管理有限责任公司,Hybrid,邱宇航,,,,
100056,富国低碳,富国基金管理有限公司,Hybrid,魏伟,,,,
519156,新华轮换A,新华基金管理股份有限公司,Hybrid,崔建波,,,,
398051,中海新能源,中海基金管理有限公司,Hybrid,刘俊,,,,
251,工银地产,工银瑞信基金管理有限公司,Hybrid,王君正,鄢耀,,,
51,华夏300ETF联接A,华夏基金管理有限公司,Stock,张弘|,赵宗庭,,,
100051,富国可转债,富国基金管理有限公司,Bond,俞晓斌,张明凯,,,
470058,汇添富可转债A,汇添富基金管理股份有限公司,Bond,吴江宏,曾刚,,,
519158,新华领航,新华基金管理股份有限公司,Hybrid,蔡春红,崔建波,,,
100058,富国产业债A,富国基金管理有限公司,Bond,黄纪亮,武磊,,,
58,国联安安泰,国联安基金管理有限公司,Hybrid,林渌,,,,
310358,申万新经济,申万菱信基金管理有限公司,Hybrid,林博程,,,,
167,广发聚优A,广发基金管理有限公司,Hybrid,张东一,,,,
67,民生转债A,民生加银基金管理有限公司,Bond,邱世磊,,,,
519667,银河银信A,银河基金管理有限公司,Bond,韩晶,蒋磊,,,
519993,长信增利,长信基金管理有限责任公司,Hybrid,叶松,,,,
161693,融通债C,融通基金管理有限公司,Bond,王超,,,,
519093,新华品质,新华基金管理股份有限公司,Hybrid,蔡春红,,,,
519694,交银蓝筹,交银施罗德基金管理有限公司,Hybrid,王少成,,,,
194,银华四季红A,银华基金管理股份有限公司,Bond,邹维娜,,,,
519660,银河增利A,银河基金管理有限公司,Bond,韩晶,蒋磊,,,
100060,富国高新,富国基金管理有限公司,Hybrid,李元博,,,,
510060,工银央企ETF,工银瑞信基金管理有限公司,Stock,赵栩,,,,
510260,诺安上证新兴ETF,诺安基金管理有限公司,Stock,,,,,
510660,华夏医药ETF,华夏基金管理有限公司,Stock,张弘|,,,,
510160,南方小康ETF,南方基金管理股份有限公司,Stock,崔蕾,龚涛,,,
257060,国联安商品ETF联接,国联安基金管理有限公司,Stock,黄欣,,,,
159934,易方达黄金ETF,易方达基金管理有限公司,Other,范冰,余海燕,,,
20034,国泰民安C,国泰基金管理有限公司,Bond,韩哲昊,,,,
519034,海富通低碳,海富通基金管理有限公司,Stock,江勇,,,,
1033,华夏安康C,华夏基金管理有限公司,Bond,柳万军,,,,
159933,国投金地ETF,国投瑞银基金管理有限公司,Stock,殷瑞飞,,,,
20033,国泰民安A,国泰基金管理有限公司,Bond,韩哲昊,,,,
519033,海富通国策,海富通基金管理有限公司,Hybrid,施敏佳,,,,
33,易方达信用债C,易方达基金管理有限公司,Bond,胡剑,纪玲云,,,
180033,银华上证50ETF联接,银华基金管理股份有限公司,Stock,周大鹏,,,,
485005,工银强债B,工银瑞信基金管理有限公司,Bond,杜海涛,张略钊,,,
5,嘉实增强信用,嘉实基金管理有限公司,Bond,刘宁,,,,
161605,融通成长,融通基金管理有限公司,Hybrid,付伟琦,,,,
519005,海富通股票,海富通基金管理有限公司,Hybrid,吕越超,,,,
540005,汇丰增利A,汇丰晋信基金管理有限公司,Bond,李媛媛,,,,
360005,光大红利,光大保德信基金管理有限公司,Hybrid,金P毅,詹佳,,,
205,易方达投资信用A,易方达基金管理有限公司,Bond,王晓晨,,,,
80005,长盛红利,长盛基金管理有限公司,Hybrid,冯雨生,,,,
450005,国富债券A,国海富兰克林基金管理有限公司,Bond,刘怡敏,,,,
550005,信诚三得益B,中信保诚基金管理有限公司,Bond,宋海娟,,,,
270005,广发聚丰,广发基金管理有限公司,Hybrid,李琛,苗宇,邱ZF,,
110005,易方达积极,易方达基金管理有限公司,Hybrid,王超,,,,
630005,华商动态,华商基金管理有限公司,Hybrid,艾定飞,邓默,,,
161005,富国天惠A,富国基金管理有限公司,Hybrid,朱少醒,,,,
217005,招商先锋,招商基金管理有限公司,Hybrid,付斌,,,,
233005,大摩强债,摩根士丹利华鑫基金管理有限公司,Bond,张雪,,,,
350005,天治2025,天治基金管理有限公司,Hybrid,胡耀文,,,,
570005,诺德成长,诺德基金管理有限公司,Hybrid,郝旭东,,,,
610005,信达红利,信达澳银基金管理有限公司,Hybrid,王辉良,邹运,,,
105,建信安心A,建信基金管理有限责任公司,Bond,闫晗,,,,
485105,工银强债A,工银瑞信基金管理有限公司,Bond,杜海涛,张略钊,,,
161505,银河通利A,银河基金管理有限公司,Bond,韩晶,蒋磊,,,
700005,平安添利A,平安基金管理有限公司,Bond,WANG.AO,,,,
20005,国泰金马,国泰基金管理有限公司,Hybrid,李恒,,,,
166905,民生添利C,民生加银基金管理有限公司,Bond,陆欣,,,,
160805,长盛同智,长盛基金管理有限公司,Hybrid,乔培涛,,,,
690005,民生内需,民生加银基金管理有限公司,Hybrid,柳世庆,,,,
240005,华宝策略,华宝基金管理有限公司,Stock,蔡目荣,,,,
460005,华泰价值,华泰柏瑞基金管理有限公司,Hybrid,方纬,,,,
210005,金鹰主题,金鹰基金管理有限公司,Hybrid,陈立,,,,
541005,汇丰增利C,汇丰晋信基金管理有限公司,Bond,李媛媛,,,,
202005,南方成份A,南方基金管理股份有限公司,Hybrid,黄春逢,张原,,,
162205,泰达预算,泰达宏利基金管理有限公司,Hybrid,傅浩,刘欣,,,
530005,建信优化,建信基金管理有限责任公司,Hybrid,邱宇航,,,,
160605,鹏华50,鹏华基金管理有限公司,Hybrid,王宗合,,,,
380005,中银纯债A,中银基金管理有限公司,Bond,陈玮,,,,
164105,华富强债,华富基金管理有限公司,Bond,尹培俊,,,,
750005,安信稳增A,安信基金管理有限责任公司,Hybrid,张明,庄园,,,
159905,工银深红利ETF,工银瑞信基金管理有限公司,Stock,赵栩,,,,
70005,嘉实债券,嘉实基金管理有限公司,Bond,曲扬,,,,
290005,泰信优势,泰信基金管理有限公司,Hybrid,朱志权,,,,
420005,天弘策略,天弘基金管理有限公司,Hybrid,陈国光,谷琦彬,,,
162605,景顺鼎益,景顺长城基金管理有限公司,Hybrid,刘彦春,,,,
160505,博时主题,博时基金管理有限公司,Hybrid,王俊,,,,
590005,中邮主题,中邮创业基金管理股份有限公司,Hybrid,陈梁,,,,
163805,中银动态,中银基金管理有限公司,Hybrid,邬炜,,,,
40005,华安宏利,华安基金管理有限公司,Hybrid,王春,,,,
660005,农银中小盘,农银汇理基金管理有限公司,Hybrid,付娟,徐文卉,,,
202105,南方广利A/B,南方基金管理股份有限公司,Bond,刘文良,,,,
320005,诺安价值,诺安基金管理有限公司,Hybrid,王创练,,,,
410005,华富收益增强B,华富基金管理有限公司,Bond,尹培俊,,,,
206005,鹏华民企ETF联接,鹏华基金管理有限公司,Stock,崔俊杰,张羽翔,,,
580005,东吴进取,东吴基金管理有限公司,Hybrid,赵梅玲,,,,
166005,中欧价值A,中欧基金管理有限公司,Hybrid,曹名长,蓝小康,,,
160105,南方积配,南方基金管理股份有限公司,Hybrid,蔡望鹏,,,,
121005,国投创新,国投瑞银基金管理有限公司,Hybrid,孙文龙,,,,
270002,广发稳健,广发基金管理有限公司,Hybrid,傅友兴,,,,
213002,宝盈增长,宝盈基金管理有限公司,Hybrid,张志梅,,,,
450002,国富弹性,国海富兰克林基金管理有限公司,Hybrid,赵晓东,,,,
550002,中信保诚精萃,中信保诚基金管理有限公司,Hybrid,王睿,,,,
229002,泰达逆向,泰达宏利基金管理有限公司,Hybrid,刘欣,,,,
180002,银华保本,银华基金管理股份有限公司,Bond,贾鹏,孙慧,,,
80002,长盛先锋,长盛基金管理有限公司,Hybrid,赵宏宇,,,,
92002,大成债C,大成基金管理有限公司,Bond,王立,,,,
163402,兴全趋势,兴全基金管理有限公司,Hybrid,董承非,乔迁,,,
630002,华商盛世,华商基金管理有限公司,Hybrid,周海栋,,,,
730002,方正红利A,方正富邦基金管理有限公司,Hybrid,方伟宁,吴昊,,,
519602,海富通中华,海富通基金管理有限公司,QDII,高峥,陶意非,,,
110002,易方达策略,易方达基金管理有限公司,Hybrid,梁裕宁,,,,
112002,易方达策略二号,易方达基金管理有限公司,Hybrid,梁裕宁,,,,
720002,财通策略A,财通基金管理有限公司,Bond,林洪钧,,,,
620002,金元成长动力,金元顺安基金管理有限公司,Hybrid,贾丽杰,,,,
540002,汇丰龙腾,汇丰晋信基金管理有限公司,Hybrid,严瑾,,,,
710302,富安达强债C,富安达基金管理有限公司,Bond,李飞,,,,
90002,大成债券A/B,大成基金管理有限公司,Bond,王立,,,,
519002,华安安信,华安基金管理有限公司,Hybrid,饶晓鹏,王斌,,,
690202,民生强债C,民生加银基金管理有限公司,Bond,吕军涛,杨林耘,,,
166902,民生增利A,民生加银基金管理有限公司,Bond,胡振仓,,,,
20002,国泰债券A,国泰基金管理有限公司,Bond,吴晨,,,,
519702,交银趋势,交银施罗德基金管理有限公司,Hybrid,韩威俊,,,,
151002,银河收益,银河基金管理有限公司,Bond,韩晶,,,,
700002,平安深证300,平安基金管理有限公司,Stock,DANIEL.DONGNING.SUN,施旭,,,
460002,华泰成长A,华泰柏瑞基金管理有限公司,Hybrid,方伦煜,,,,
560002,益民红利,益民基金管理有限公司,Hybrid,吕伟,,,,
240002,华宝配置,华宝基金管理有限公司,Hybrid,季鹏,,,,
690002,民生强债A,民生加银基金管理有限公司,Bond,吕军涛,杨林耘,,,
163302,大摩资源,摩根士丹利华鑫基金管理有限公司,Hybrid,徐达,,,,
217002,招商平衡,招商基金管理有限公司,Hybrid,李,,,,
710002,富安达策略,富安达基金管理有限公司,Hybrid,李守峰,毛矛,,,
610002,信达精华,信达澳银基金管理有限公司,Hybrid,冯明远,,,,
164902,交银添利,交银施罗德基金管理有限公司,Bond,唐S,,,,
288102,华夏双利C,华夏基金管理有限公司,Bond,刘明宇,张海静,,,
161902,万家债券,万家基金管理有限公司,Bond,苏谋东,周潜玮,,,
290002,泰信先行,泰信基金管理有限公司,Hybrid,王博强,,,,
420002,天弘永利A,天弘基金管理有限公司,Bond,姜晓丽,,,,
200002,长城久泰A,长城基金管理有限公司,Stock,雷俊,杨建华,,,
164702,汇添富季红,汇添富基金管理股份有限公司,Bond,陆文磊,徐光,,,
160602,鹏华债券A,鹏华基金管理有限公司,Bond,刘涛,,,,
261002,景顺增利A,景顺长城基金管理有限公司,Bond,何江波,,,,
162202,泰达周期,泰达宏利基金管理有限公司,Hybrid,赖庆鑫,,,,
202002,南稳贰号,南方基金管理股份有限公司,Hybrid,应帅,,,,
210002,金鹰红利,金鹰基金管理有限公司,Hybrid,王,,,,
70002,嘉实增长,嘉实基金管理有限公司,Hybrid,归凯,,,,
159902,华夏中小板ETF,华夏基金管理有限公司,Stock,徐猛,,,,
202202,南方避险,南方基金管理股份有限公司,Bond,,,,,
660102,农银增利C,农银汇理基金管理有限公司,Bond,史向明,,,,
750002,安信收益A,安信基金管理有限责任公司,Bond,李君,张翼飞,,,
650002,英大纯债C,英大基金管理有限公司,Bond,易祺坤,,,,
206002,鹏华精选,鹏华基金管理有限公司,Hybrid,谢书英,,,,
420102,天弘永利B,天弘基金管理有限公司,Bond,姜晓丽,,,,
288002,华夏收入,华夏基金管理有限公司,Hybrid,郑煜,,,,
121002,国投景气,国投瑞银基金管理有限公司,Hybrid,伍智勇,,,,
50002,博时300A,博时基金管理有限公司,Stock,桂征辉,,,,
580002,东吴动力,东吴基金管理有限公司,Hybrid,戴斌,,,,
166002,中欧蓝筹A,中欧基金管理有限公司,Hybrid,金媛媛,周蔚文,,,
660002,农银增利A,农银汇理基金管理有限公司,Bond,史向明,,,,
162102,金鹰小盘,金鹰基金管理有限公司,Hybrid,于利强,,,,
40002,华安中国A股,华安基金管理有限公司,Stock,马韬,许之彦,,,
590002,中邮成长,中邮创业基金管理股份有限公司,Hybrid,纪云飞,,,,
582002,东吴增利A,东吴基金管理有限公司,Bond,王文华,,,,
582202,东吴增利C,东吴基金管理有限公司,Bond,王文华,,,,
571002,诺德主题,诺德基金管理有限公司,Hybrid,朱红,,,,
202102,南方多利C,南方基金管理股份有限公司,Bond,郑迎迎,,,,
261102,景顺增利C,景顺长城基金管理有限公司,Bond,何江波,,,,
510220,华泰中小ETF,华泰柏瑞基金管理有限公司,Stock,柳军,,,,
166020,中欧优选A,中欧基金管理有限公司,Hybrid,曹名长,袁维德,,,
161820,银华纯债,银华基金管理股份有限公司,Bond,邹维娜,,,,
377020,上投动力,上投摩根基金管理有限公司,Hybrid,刘辉,,,,
253020,国联安增利A,国联安基金管理有限公司,Bond,吕中凡,,,,
371120,上投纯债B,上投摩根基金管理有限公司,Bond,聂曙光,,,,
510020,博时超大ETF,博时基金管理有限公司,Stock,万琼,,,,
160720,嘉实中期企债A,嘉实基金管理有限公司,Bond,崔思维,胡永青,曲扬,王亚洲,
400020,东方回报,东方基金管理有限责任公司,Hybrid,李瑞,吴萍萍,,,
40020,华安升级,华安基金管理有限公司,Hybrid,饶晓鹏,,,,
371020,上投纯债A,上投摩根基金管理有限公司,Bond,聂曙光,,,,
510120,海富通非周期ETF,海富通基金管理有限公司,Stock,江勇,,,,
70020,嘉实稳固,嘉实基金管理有限公司,Bond,胡永青,曲扬,,,
159920,华夏恒生ETF,华夏基金管理有限公司,QDII,徐猛,,,,
160620,鹏华资源,鹏华基金管理有限公司,Stock,崔俊杰,,,,
257020,国联安精选混合,国联安基金管理有限公司,Hybrid,魏东,,,,
530020,建信转债A,建信基金管理有限责任公司,Bond,朱建华,,,,
373020,上投双核,上投摩根基金管理有限公司,Hybrid,陈思郁,,,,
240020,华宝医药,华宝基金管理有限公司,Hybrid,光磊,,,,
20020,国泰双利C,国泰基金管理有限公司,Bond,吴晨,,,,
460220,华泰中小ETF联接,华泰柏瑞基金管理有限公司,Stock,柳军,,,,
519720,交银纯债C,交银施罗德基金管理有限公司,Bond,魏玉敏,于海颖,,,
161120,易方达综债C,易方达基金管理有限公司,Bond,王晓晨,,,,
120,中银美丽,中银基金管理有限公司,Hybrid,王伟,严菲,,,
519120,浦银战略,浦银安盛基金管理有限公司,Hybrid,吴勇,,,,
217020,招商安达,招商基金管理有限公司,Hybrid,王奇玮,,,,
165520,信诚有色,中信保诚基金管理有限公司,Stock,杨旭,,,,
110020,易方达300ETF联接A,易方达基金管理有限公司,Stock,杨俊,余海燕,,,
180020,银华成长,银华基金管理股份有限公司,Hybrid,王鑫钢,,,,
220,富国医疗,富国基金管理有限公司,Hybrid,于洋,,,,
531020,建信转债C,建信基金管理有限责任公司,Bond,朱建华,,,,
90020,大成健康,大成基金管理有限公司,Hybrid,杨挺,,,,
20,景顺品质,景顺长城基金管理有限公司,Hybrid,詹成,,,,
100020,富国天益,富国基金管理有限公司,Hybrid,李晓铭,许炎,,,
163818,中银成长,中银基金管理有限公司,Hybrid,王伟,,,,
40018,华安香港,华安基金管理有限公司,QDII,苏圻涵,翁启森,,,
310318,申万300增强,申万菱信基金管理有限公司,Stock,刘敦,袁英杰,,,
320018,诺安新动力,诺安基金管理有限公司,Hybrid,曲泉儒,张,,,
160718,嘉实多利,嘉实基金管理有限公司,Bond,王茜,,,,
206018,鹏华产业债,鹏华基金管理有限公司,Bond,祝松,,,,
310518,申万可转债,申万菱信基金管理有限公司,Bond,范磊,,,,
161818,银华消费,银华基金管理股份有限公司,Hybrid,薄官辉,,,,
50018,博时行业,博时基金管理有限公司,Hybrid,陈雷,,,,
530018,建信100,建信基金管理有限责任公司,Stock,梁洪昀,,,,
159918,嘉实中创400ETF,嘉实基金管理有限公司,Stock,李直,刘珈吟,,,
70018,嘉实回报,嘉实基金管理有限公司,Hybrid,常蓁,,,,
160218,国泰房地产,国泰基金管理有限公司,Stock,徐成城,,,,
217018,招商安瑞,招商基金管理有限公司,Bond,尹晓红,张韵,,,
161718,招商300高贝,招商基金管理有限公司,Stock,苏燕青,,,,
470018,汇添富双债A,汇添富基金管理股份有限公司,Bond,吴江宏,郑慧莲,,,
118,广发聚鑫A,广发基金管理有限公司,Bond,张芊,,,,
161118,易方达中小,易方达基金管理有限公司,Stock,成曦,刘树荣,,,
519718,交银纯债A/B,交银施罗德基金管理有限公司,Bond,魏玉敏,于海颖,,,
20018,国泰金鹿混合,国泰基金管理有限公司,Hybrid,李海,,,,
240018,华宝可转债,华宝基金管理有限公司,Bond,李栋梁,,,,
100018,富国天利,富国基金管理有限公司,Bond,黄纪亮,,,,
161618,融通岁岁A,融通基金管理有限公司,Bond,王超,,,,
519018,汇添富均衡,汇添富基金管理股份有限公司,Hybrid,佘中强,,,,
90018,大成新锐,大成基金管理有限公司,Hybrid,韩创,,,,
180018,银华和谐,银华基金管理股份有限公司,Hybrid,唐能,,,,
450018,国富恒久A,国海富兰克林基金管理有限公司,Bond,刘怡敏,,,,
550018,信诚优质A,中信保诚基金管理有限公司,Bond,王国强,,,,
110018,易方达回报B,易方达基金管理有限公司,Bond,王晓晨,张雅君,,,
418,景顺成长之星,景顺长城基金管理有限公司,Stock,刘晓明,,,,
50027,博时纯债A,博时基金管理有限公司,Bond,张李陵,,,,
160127,南方消费,南方基金管理股份有限公司,Stock,肖勇,,,,
70027,嘉实周期,嘉实基金管理有限公司,Hybrid,吴云峰,,,,
202027,南方高端A,南方基金管理股份有限公司,Hybrid,骆帅,,,,
127,农银领先,农银汇理基金管理有限公司,Hybrid,张峰,,,,
217027,招商50A,招商基金管理有限公司,Stock,侯昊,,,,
519727,交银30,交银施罗德基金管理有限公司,Hybrid,郭斐,,,,
519027,海富通周期ETF联接,海富通基金管理有限公司,Stock,江勇,,,,
110027,易方达安心A,易方达基金管理有限公司,Bond,张清华,,,,
370027,上投30,上投摩根基金管理有限公司,Hybrid,李德辉,,,,
485011,工银双利B,工银瑞信基金管理有限公司,Bond,欧阳凯,宋炳|,魏欣,,
11,华夏大盘,华夏基金管理有限公司,Hybrid,陈伟彦,,,,
675011,西部双利A,西部利得基金管理有限公司,Bond,韩丽楠,林静,,,
165311,建信信用A,建信基金管理有限责任公司,Bond,李峰,,,,
161611,融通内需,融通基金管理有限公司,Hybrid,付伟琦,,,,
519011,海富通精选,海富通基金管理有限公司,Hybrid,黄峰,王智慧,,,
90011,大成核心,大成基金管理有限公司,Hybrid,苏秉毅,张钟玉,,,
360011,光大配置,光大保德信基金管理有限公司,Hybrid,戴奇雷,,,,
163211,诺安纯债C,诺安基金管理有限公司,Bond,谢志华,,,,
450011,国富精选,国海富兰克林基金管理有限公司,Hybrid,徐荔蓉,,,,
161211,国投金地ETF联接,国投瑞银基金管理有限公司,Stock,赵建,,,,
110011,易方达中小盘,易方达基金管理有限公司,Hybrid,张坤,,,,
2011,华夏红利,华夏基金管理有限公司,Hybrid,陈虎,王怡欢,赵航,,
165511,信诚500,中信保诚基金管理有限公司,Stock,黄稚,,,,
630011,华商主题,华商基金管理有限公司,Hybrid,童立,周海栋,,,
163411,兴全精选,兴全基金管理有限公司,Hybrid,陈宇,,,,
217011,招商安心,招商基金管理有限公司,Bond,马龙,,,,
519111,浦银收益A,浦银安盛基金管理有限公司,Bond,章潇枫,钟明,,,
233011,大摩主题,摩根士丹利华鑫基金管理有限公司,Hybrid,缪东航,,,,
311,景顺300,景顺长城基金管理有限公司,Stock,黎海威,,,,
260111,景顺治理,景顺长城基金管理有限公司,Hybrid,万梦,徐喻军,,,
470011,汇添富多元C,汇添富基金管理股份有限公司,Bond,曾刚,郑慧莲,,,
395011,中海强债A,中海基金管理有限公司,Bond,王含嫣,,,,
485111,工银双利A,工银瑞信基金管理有限公司,Bond,欧阳凯,宋炳|,魏欣,,
399011,中海医疗,中海基金管理有限公司,Stock,许定晴,易小金,,,
20011,国泰300A,国泰基金管理有限公司,Stock,艾小军,,,,
690011,民生积极,民生加银基金管理有限公司,Hybrid,金耀,,,,
240011,华宝大盘,华宝基金管理有限公司,Hybrid,詹杰,,,,
210011,金鹰灵活C,金鹰基金管理有限公司,Hybrid,杨晓斌,,,,
202011,南方价值A,南方基金管理股份有限公司,Hybrid,罗安安,,,,
162211,泰达品质,泰达宏利基金管理有限公司,Hybrid,刘洋,庞宝臣,,,
530011,建信内生,建信基金管理有限责任公司,Hybrid,吴尚伟,,,,
160611,鹏华治理,鹏华基金管理有限公司,Hybrid,陈璇淼,,,,
1011,华夏希望A,华夏基金管理有限公司,Bond,何家琪,,,,
202211,南方中证100A,南方基金管理股份有限公司,Stock,龚涛,,,,
159911,鹏华深证民营ETF,鹏华基金管理有限公司,Stock,崔俊杰,罗捷,,,
70011,嘉实策略,嘉实基金管理有限公司,Hybrid,谢泽林,,,,
290011,泰信中小盘,泰信基金管理有限公司,Hybrid,董季周,刘杰,,,
161911,万家强债,万家基金管理有限公司,Bond,陈奕雯,苏谋东,,,
50111,博时信用债券C,博时基金管理有限公司,Bond,过钧,,,,
160211,国泰小盘,国泰基金管理有限公司,Hybrid,杨飞,,,,
200011,长城景气行业,长城基金管理有限公司,Hybrid,赵波,,,,
163811,中银双利A,中银基金管理有限公司,Bond,奚鹏洲,,,,
40011,华安核心,华安基金管理有限公司,Hybrid,陆秋渊,盛骅,,,
398011,中海分红,中海基金管理有限公司,Hybrid,邱红丽,,,,
660011,农银500,农银汇理基金管理有限公司,Stock,宋永安,,,,
400011,东方动力,东方基金管理有限责任公司,Hybrid,薛子徵,,,,
320011,诺安中小盘,诺安基金管理有限公司,Hybrid,韩冬燕,,,,
160311,华夏蓝筹,华夏基金管理有限公司,Hybrid,王怡欢,,,,
162711,广发500ETF联接A,广发基金管理有限公司,Stock,刘杰,,,,
50011,博时信用债券A/B,博时基金管理有限公司,Bond,过钧,,,,
110029,易方达科讯,易方达基金管理有限公司,Hybrid,陈皓,刘健维,,,
270029,广发聚财A,广发基金管理有限公司,Bond,代宇,,,,
519029,华夏稳增,华夏基金管理有限公司,Hybrid,彭海伟,郑泽鸿,,,
100029,富国天成,富国基金管理有限公司,Hybrid,侯梧,俞晓斌,,,
29,富国策略,富国基金管理有限公司,Hybrid,袁宜,,,,
129,大成景安B,大成基金管理有限公司,Bond,欧阳亮,,,,
159929,汇添富医药ETF,汇添富基金管理股份有限公司,Stock,过蓓蓓,,,,
160129,南方金利C,南方基金管理股份有限公司,Bond,李璇,,,,
161216,国投双债A,国投瑞银基金管理有限公司,Bond,徐栋,,,,
160916,大成优选,大成基金管理有限公司,Hybrid,戴军,,,,
165516,信诚周期,中信保诚基金管理有限公司,Hybrid,张光成,,,,
487016,工银灵活A,工银瑞信基金管理有限公司,Hybrid,李昱,,,,
630016,华商灵活,华商基金管理有限公司,Hybrid,何奇峰,,,,
16,华夏纯债C,华夏基金管理有限公司,Bond,柳万军,,,,
100016,富国天源,富国基金管理有限公司,Hybrid,易智泉,俞晓斌,,,
216,华安黄金易ETF联接A,华安基金管理有限公司,Related,许之彦,,,,
360016,光大行业,光大保德信基金管理有限公司,Hybrid,董伟炜,,,,
90016,大成消费,大成基金管理有限公司,Hybrid,韩创,,,,
161616,融通医疗,融通基金管理有限公司,Hybrid,蒋秀蕾,,,,
240016,华宝价值ETF联接,华宝基金管理有限公司,Stock,丰晨成,,,,
260116,景顺核心A,景顺长城基金管理有限公司,Hybrid,余广,,,,
519116,浦银300,浦银安盛基金管理有限公司,Stock,陈士俊,,,,
217016,招商100A,招商基金管理有限公司,Stock,侯昊,,,,
116,嘉实丰益纯债,嘉实基金管理有限公司,Bond,曲扬,,,,
50116,博时宏观C,博时基金管理有限公司,Bond,王申,王衍胜,,,
200016,长城稳健,长城基金管理有限公司,Hybrid,张捷,,,,
160616,鹏华500A,鹏华基金管理有限公司,Stock,张羽翔,,,,
530016,建信恒稳,建信基金管理有限责任公司,Hybrid,吴尚伟,,,,
162216,泰达500,泰达宏利基金管理有限公司,Stock,刘洋,,,,
70016,嘉实多元B,嘉实基金管理有限公司,Bond,王茜,,,,
159916,建信深证60ETF,建信基金管理有限责任公司,Stock,薛玲,,,,
160416,华安石油,华安基金管理有限公司,QDII,倪斌,,,,
50016,博时宏观A/B,博时基金管理有限公司,Bond,王申,王衍胜,,,
161816,银华90,银华基金管理股份有限公司,Stock,张凯,,,,
40016,华安行业,华安基金管理有限公司,Hybrid,陈媛,饶晓鹏,,,
163816,中银转债A,中银基金管理有限公司,Bond,李建,,,,
160716,嘉实中证50A,嘉实基金管理有限公司,Stock,陈正宪,何如,,,
320016,诺安多策略,诺安基金管理有限公司,Hybrid,李玉良,,,,
400016,东方强化,东方基金管理有限责任公司,Bond,许文波,,,,
242,景顺策略,景顺长城基金管理有限公司,Hybrid,张靖,,,,
42,财通ESG100A,财通基金管理有限公司,Stock,苏俊杰,吴迪,朱海东,,
142,融通增强A,融通基金管理有限公司,Bond,王超,余志勇,,,
519189,万家信用C,万家基金管理有限公司,Bond,苏谋东,,,,
519089,新华成长,新华基金管理股份有限公司,Hybrid,栾超,,,,
519989,长信利丰C,长信基金管理有限责任公司,Bond,李家春,吴晖,,,
40045,华安添鑫A,华安基金管理有限公司,Bond,马晓璇,郑如熙,,,
45,工银产业债A,工银瑞信基金管理有限公司,Bond,何秀红,,,,
270045,广发双债C,广发基金管理有限公司,Bond,代宇,,,,
173,汇添富美丽,汇添富基金管理股份有限公司,Hybrid,王栩,,,,
73,上投成长,上投摩根基金管理有限公司,Hybrid,刘辉,,,,
273,华润安鑫,华润元大基金管理有限公司,Hybrid,刘宏毅,袁华涛,,,
519987,长信恒利,长信基金管理有限责任公司,Hybrid,叶松,,,,
519087,新华分红,新华基金管理股份有限公司,Hybrid,赵强,,,,
87,嘉实中证ETF联接A,嘉实基金管理有限公司,Bond,曲扬,王亚洲,,,
187,华泰丰盛A,华泰柏瑞基金管理有限公司,Bond,陈东,何子建,,,
519187,万家稳增C,万家基金管理有限公司,Bond,陈佳昀,,,,
511880,银华日利A,银华基金管理股份有限公司,Money,王树丽,,,,
510180,华安180ETF,华安基金管理有限公司,Stock,许之彦,,,,
40180,华安180ETF联接,华安基金管理有限公司,Stock,许之彦,,,,
510080,长盛债券,长盛基金管理有限公司,Bond,李琪,杨哲,,,
519680,交银增利A/B,交银施罗德基金管理有限公司,Bond,魏玉敏,于海颖,,,
510880,华泰红利ETF,华泰柏瑞基金管理有限公司,Stock,柳军,,,,
80,天治可转债A,天治基金管理有限公司,Bond,王洋,,,,
518880,华安黄金易ETF,华安基金管理有限公司,Other,许之彦,,,,
519180,万家180,万家基金管理有限公司,Stock,朱小明,,,,
174,汇添富高息债A,汇添富基金管理股份有限公司,Bond,徐光,,,,
519674,银河创新,银河基金管理有限公司,Hybrid,郑巍山,,,,
110028,易方达安心B,易方达基金管理有限公司,Bond,张清华,,,,
428,易方达聚盈,易方达基金管理有限公司,Bond,李一硕,,,,
270028,广发制造,广发基金管理有限公司,Hybrid,李巍,,,,
28,华富安鑫,华富基金管理有限公司,Bond,张惠,,,,
128,大成景安A,大成基金管理有限公司,Bond,欧阳亮,,,,
470028,汇添富责任,汇添富基金管理股份有限公司,Hybrid,雷鸣,,,,
159928,汇添富消费ETF,汇添富基金管理股份有限公司,Stock,过蓓蓓,,,,
160128,南方金利A,南方基金管理股份有限公司,Bond,李璇,,,,
310328,申万新动力,申万菱信基金管理有限公司,Hybrid,季新星,,,,
161217,国投资源,国投瑞银基金管理有限公司,Stock,殷瑞飞,,,,
110017,易方达回报A,易方达基金管理有限公司,Bond,王晓晨,张雅君,,,
161017,富国500,富国基金管理有限公司,Stock,方F,李笑薇,徐幼华,,
17,财通主题,财通基金管理有限公司,Hybrid,夏钦,,,,
519017,大成成长,大成基金管理有限公司,Hybrid,王磊,,,,
90017,大成可转债,大成基金管理有限公司,Bond,李富强,,,,
217,华安黄金易ETF联接C,华安基金管理有限公司,Related,许之彦,,,,
161117,易方达永旭,易方达基金管理有限公司,Bond,李一硕,,,,
481017,工银量化,工银瑞信基金管理有限公司,Hybrid,游凛峰,,,,
240017,华宝新兴,华宝基金管理有限公司,Hybrid,易镜明,,,,
217017,招商消费ETF联接A,招商基金管理有限公司,Stock,苏燕青,,,,
519117,浦银400,浦银安盛基金管理有限公司,Stock,陈士俊,,,,
260117,景顺产业,景顺长城基金管理有限公司,Hybrid,徐喻军,,,,
117,广发轮动,广发基金管理有限公司,Hybrid,吴兴武,,,,
160217,国泰互利,国泰基金管理有限公司,Bond,吴晨,,,,
213917,宝盈收益C,宝盈基金管理有限公司,Bond,高宇,,,,
202017,南方深成ETF联接A,南方基金管理股份有限公司,Stock,孙伟,,,,
530017,建信双息A,建信基金管理有限责任公司,Bond,彭紫云,朱虹,,,
160617,鹏华丰润,鹏华基金管理有限公司,Bond,周恩源,祝松,,,
160417,华安300,华安基金管理有限公司,Stock,苏卿云,,,,
70017,嘉实量化,嘉实基金管理有限公司,Hybrid,金猛,张楠,,,
163817,中银转债B,中银基金管理有限公司,Bond,李建,,,,
160717,嘉实恒生H股,嘉实基金管理有限公司,QDII,高峰,何如,,,
164810,工银纯债定期,工银瑞信基金管理有限公司,Bond,李娜,,,,
163210,诺安纯债A,诺安基金管理有限公司,Bond,谢志华,,,,
360010,光大精选,光大保德信基金管理有限公司,Hybrid,戴奇雷,,,,
540010,汇丰科技,汇丰晋信基金管理有限公司,Stock,陈平,,,,
376510,上投大盘,上投摩根基金管理有限公司,Stock,朱晓龙,,,,
372010,上投强债A,上投摩根基金管理有限公司,Bond,刘阳,唐瑭,,,
90010,大成红利,大成基金管理有限公司,Stock,夏高,,,,
161610,融通领先,融通基金管理有限公司,Hybrid,何龙,邹曦,,,
270010,广发300ETF联接A,广发基金管理有限公司,Stock,刘杰,,,,
213010,宝盈100A,宝盈基金管理有限公司,Stock,蔡丹,刘李杰,,,
450010,国富策略,国海富兰克林基金管理有限公司,Hybrid,王晓宁,,,,
180010,银华优质,银华基金管理股份有限公司,Hybrid,贲兴振,,,,
160910,大成创新,大成基金管理有限公司,Hybrid,刘旭,,,,
161010,富国天丰,富国基金管理有限公司,Bond,武磊,张明凯,,,
630010,华商价值,华商基金管理有限公司,Hybrid,陈恒,彭欣杨,,,
110010,易方达成长,易方达基金管理有限公司,Hybrid,林高榜,武阳,,,
372110,上投强债B,上投摩根基金管理有限公司,Bond,刘阳,唐瑭,,,
470010,汇添富多元A,汇添富基金管理股份有限公司,Bond,曾刚,郑慧莲,,,
260110,景顺蓝筹,景顺长城基金管理有限公司,Hybrid,余广,,,,
233010,大摩深证300,摩根士丹利华鑫基金管理有限公司,Stock,夏青,,,,
378010,上投先锋,上投摩根基金管理有限公司,Hybrid,张一甫,,,,
519110,浦银价值A,浦银安盛基金管理有限公司,Hybrid,蒋建伟,,,,
217010,招商大盘,招商基金管理有限公司,Hybrid,郭锐,,,,
163110,申万量化,申万菱信基金管理有限公司,Stock,袁英杰,张少华,,,
673010,西部新动向,西部利得基金管理有限公司,Hybrid,刘荟,,,,
481010,工银小盘,工银瑞信基金管理有限公司,Hybrid,黄安乐,农冰立,,,
20010,国泰金牛,国泰基金管理有限公司,Hybrid,程洲,,,,
671010,西部策略,西部利得基金管理有限公司,Hybrid,刘荟,,,,
511010,国泰国债ETF,国泰基金管理有限公司,Bond,艾小军,,,,
240010,华宝行业,华宝基金管理有限公司,Hybrid,闫旭,,,,
510510,广发500ETF,广发基金管理有限公司,Stock,刘杰,,,,
257010,国联安小盘,国联安基金管理有限公司,Hybrid,邹新进,,,,
160610,鹏华动力,鹏华基金管理有限公司,Hybrid,张航,,,,
530010,建信责任,建信基金管理有限责任公司,Stock,薛玲,,,,
162210,泰达集利A,泰达宏利基金管理有限公司,Bond,丁宇佳,刘洋,,,
373010,上投双息A,上投摩根基金管理有限公司,Hybrid,李博,孙芳,,,
210010,金鹰灵活A,金鹰基金管理有限公司,Hybrid,杨晓斌,,,,
70010,嘉实主题,嘉实基金管理有限公司,Hybrid,方晗,,,,
159910,嘉实深证120ETF,嘉实基金管理有限公司,Stock,李直,刘珈吟,,,
510310,易方达300ETF,易方达基金管理有限公司,Stock,杨俊,余海燕,,,
290010,泰信200,泰信基金管理有限公司,Stock,张彦,,,,
255010,国联安稳健,国联安基金管理有限公司,Hybrid,刘斌,,,,
510110,海富通周期ETF,海富通基金管理有限公司,Stock,江勇,,,,
200010,长城双动力,长城基金管理有限公司,Hybrid,龙宇飞,,,,
660010,农银精选,农银汇理基金管理有限公司,Hybrid,张峰,,,,
40010,华安收益B,华安基金管理有限公司,Bond,贺涛,,,,
163810,中银价值,中银基金管理有限公司,Hybrid,邬炜,,,,
590010,中邮稳定C,中邮创业基金管理股份有限公司,Bond,吴昊,张萌,,,
379010,上投中小盘,上投摩根基金管理有限公司,Hybrid,郭晨,,,,
510410,博时资源ETF,博时基金管理有限公司,Stock,万琼,王祥,,,
375010,上投优势,上投摩根基金管理有限公司,Hybrid,杜猛,,,,
320010,诺安100,诺安基金管理有限公司,Stock,梅律吾,,,,
512010,易方达医药ETF,易方达基金管理有限公司,Stock,余海燕,,,,
202110,南方润元C,南方基金管理股份有限公司,Bond,金凌志,,,,
377010,上 投 α,上投摩根基金管理有限公司,Hybrid,李博,,,,
206010,鹏华深证民营ETF联接,鹏华基金管理有限公司,Stock,崔俊杰,罗捷,,,
253010,国联安安心,国联安基金管理有限公司,Hybrid,吕中凡,杨子江,,,
410010,华富中小板,华富基金管理有限公司,Stock,郜哲,,,,
510010,交银治理ETF,交银施罗德基金管理有限公司,Stock,蔡铮,,,,
510210,富国综指ETF,富国基金管理有限公司,Stock,方F,王保合,,,
121010,国投瑞源,国投瑞银基金管理有限公司,Hybrid,董晗,,,,
50010,博时特许A,博时基金管理有限公司,Hybrid,肖瑞瑾,曾鹏,,,
161810,银华内需,银华基金管理股份有限公司,Hybrid,刘辉,,,,
40019,华安稳固C,华安基金管理有限公司,Bond,石雨欣,郑可成,,,
163819,中银信用,中银基金管理有限公司,Bond,陈志华,奚鹏洲,,,
160719,嘉实黄金,嘉实基金管理有限公司,QDII,陈正宪,何如,,,
160119,南方500ETF联接A,南方基金管理股份有限公司,Stock,罗文杰,,,,
50019,博时转债A,博时基金管理有限公司,Bond,邓欣雨,过钧,,,
166019,中欧智选A,中欧基金管理有限公司,Hybrid,刘晨,,,,
161819,银华资源,银华基金管理股份有限公司,Stock,马君,,,,
530019,建信社会,建信基金管理有限责任公司,Hybrid,许杰,,,,
202019,南方策略,南方基金管理股份有限公司,Hybrid,肖勇,,,,
70019,嘉实价值,嘉实基金管理有限公司,Hybrid,谭丽,,,,
159919,嘉实沪深300ETF,嘉实基金管理有限公司,Stock,陈正宪,何如,,,
50119,博时转债C,博时基金管理有限公司,Bond,邓欣雨,过钧,,,
160219,国泰医药,国泰基金管理有限公司,Stock,梁杏,徐成城,,,
217019,招商深证TMT50联接A,招商基金管理有限公司,Stock,刘重杰,苏燕青,,,
485119,工银信用A,工银瑞信基金管理有限公司,Bond,何秀红,,,,
119,广发聚鑫C,广发基金管理有限公司,Bond,张芊,,,,
20019,国泰双利A,国泰基金管理有限公司,Bond,吴晨,,,,
161119,易方达综债A,易方达基金管理有限公司,Bond,王晓晨,,,,
519519,华泰增利A,华泰柏瑞基金管理有限公司,Bond,陈东,,,,
240019,华宝中证银行ETF联接A,华宝基金管理有限公司,Stock,胡洁,,,,
485019,工银信用B,工银瑞信基金管理有限公司,Bond,何秀红,,,,
219,博时裕益,博时基金管理有限公司,Hybrid,周心鹏,,,,
90019,大成景恒A,大成基金管理有限公司,Hybrid,苏秉毅,,,,
519019,大成景阳,大成基金管理有限公司,Hybrid,李本刚,周志超,,,
161619,融通岁岁B,融通基金管理有限公司,Bond,王超,,,,
161219,国投产业,国投瑞银基金管理有限公司,Hybrid,孙文龙,,,,
550019,信诚优质B,中信保诚基金管理有限公司,Bond,王国强,,,,
450019,国富恒久C,国海富兰克林基金管理有限公司,Bond,刘怡敏,,,,
161019,富国新天锋,富国基金管理有限公司,Bond,武磊,,,,
165519,信诚医药,中信保诚基金管理有限公司,Stock,杨旭,,,,
110019,易方达深证100ETF联接A,易方达基金管理有限公司,Stock,成曦,刘树荣,,,
40026,华安四季红A,华安基金管理有限公司,Bond,苏玉平,,,,
50026,博时医疗,博时基金管理有限公司,Hybrid,葛晨,,,,
161826,银华转债,银华基金管理股份有限公司,Bond,孙慧,,,,
70026,嘉实信用债C,嘉实基金管理有限公司,Bond,胡永青,,,,
159926,嘉实国债ETF,嘉实基金管理有限公司,Bond,曲扬,王亚洲,,,
126,招商安润,招商基金管理有限公司,Hybrid,尹晓红,钟,,,
20026,国泰成长,国泰基金管理有限公司,Hybrid,申坤,,,,
519726,交银稳固收益,交银施罗德基金管理有限公司,Bond,凌超,,,,
519026,海富通小盘,海富通基金管理有限公司,Hybrid,周雪军,,,,
100026,富国天合,富国基金管理有限公司,Hybrid,杨栋,张啸伟,,,
110026,易方达创业板ETF联接A,易方达基金管理有限公司,Stock,成曦,刘树荣,,,
270026,广发中小板300联接,广发基金管理有限公司,Stock,刘杰,,,,
180026,银华双利C,银华基金管理股份有限公司,Bond,贾鹏,孙慧,,,
253021,国联安增利B,国联安基金管理有限公司,Bond,吕中凡,,,,
320021,诺安双利,诺安基金管理有限公司,Bond,裴禹翔,,,,
160721,嘉实中期企债C,嘉实基金管理有限公司,Bond,崔思维,胡永青,曲扬,王亚洲,
163821,中银300,中银基金管理有限公司,Stock,赵建忠,,,,
40021,华安大中华,华安基金管理有限公司,QDII,苏圻涵,翁启森,,,
398021,中海能源,中海基金管理有限公司,Hybrid,姚晨曦,,,,
1021,华夏亚债A,华夏基金管理有限公司,Bond,柳万军,,,,
70021,嘉实动力,嘉实基金管理有限公司,Hybrid,曲盛伟,,,,
202021,南方小康ETF联接A,南方基金管理股份有限公司,Stock,崔蕾,龚涛,,,
530021,建信纯债A,建信基金管理有限责任公司,Bond,黎颖芳,彭紫云,,,
160621,鹏华丰和A,鹏华基金管理有限公司,Bond,戴钢,,,,
20021,国泰180ETF联接,国泰基金管理有限公司,Stock,艾小军,,,,
121,华夏永福A,华夏基金管理有限公司,Hybrid,何家琪,,,,
217021,招商优势,招商基金管理有限公司,Hybrid,潘明曦,,,,
110021,易方达中盘ETF联接A,易方达基金管理有限公司,Stock,刘树荣,,,,
2021,华夏回报二号,华夏基金管理有限公司,Hybrid,蔡向阳,,,,
270021,广发聚瑞,广发基金管理有限公司,Hybrid,费逸,,,,
370021,上投添利A,上投摩根基金管理有限公司,Bond,唐瑭,,,,
519021,国泰金鼎,国泰基金管理有限公司,Hybrid,饶玉涵,,,,
531021,建信纯债C,建信基金管理有限责任公司,Bond,黎颖芳,彭紫云,,,
221,汇添富年年利A,汇添富基金管理股份有限公司,Bond,徐光,,,,
21,华夏优势,华夏基金管理有限公司,Hybrid,刘平,郑晓辉,,,
175,汇添富高息债C,汇添富基金管理股份有限公司,Bond,徐光,,,,
510081,长盛精选,长盛基金管理有限公司,Hybrid,乔培涛,,,,
81,天治可转债C,天治基金管理有限公司,Bond,王洋,,,,
181,景顺金利A,景顺长城基金管理有限公司,Bond,袁媛,,,,
519181,万家和谐,万家基金管理有限公司,Hybrid,莫海波,,,,
286,银华季季红A,银华基金管理股份有限公司,Bond,邹维娜,,,,
86,南方稳利A,南方基金管理股份有限公司,Bond,何康,,,,
519686,交银治理ETF联接,交银施罗德基金管理有限公司,Stock,蔡铮,,,,
186,华泰季季红,华泰柏瑞基金管理有限公司,Bond,罗远航,,,,
386,景顺景颐双利C,景顺长城基金管理有限公司,Bond,毛从容,,,,
519186,万家稳增A,万家基金管理有限公司,Bond,陈佳昀,,,,
172,华泰增强A,华泰柏瑞基金管理有限公司,Hybrid,田汉卿,,,,
72,华安稳健,华安基金管理有限公司,Hybrid,舒灏,郑可成,,,
519672,银河蓝筹,银河基金管理有限公司,Hybrid,袁曦,,,,
44,嘉实美国美元现汇,嘉实基金管理有限公司,QDII,张自力,,,,
270044,广发双债A,广发基金管理有限公司,Bond,代宇,,,,
43,嘉实美国,嘉实基金管理有限公司,QDII,张自力,,,,
143,鹏华加利,鹏华基金管理有限公司,Bond,王石千,,,,
188,华泰丰盛C,华泰柏瑞基金管理有限公司,Bond,陈东,何子建,,,
519188,万家信用A,万家基金管理有限公司,Bond,苏谋东,,,,
519688,交银精选,交银施罗德基金管理有限公司,Hybrid,王崇,,,,
88,嘉实中证ETF联接C,嘉实基金管理有限公司,Bond,曲扬,王亚洲,,,
688888,浙商成长,浙商基金管理有限公司,Hybrid,贾腾,,,,
310388,申万消费,申万菱信基金管理有限公司,Hybrid,季新星,,,,
207,建信双债A,建信基金管理有限责任公司,Bond,彭紫云,朱虹,,,
360007,光大优势,光大保德信基金管理有限公司,Hybrid,何奇,,,,
540007,汇丰中小盘,汇丰晋信基金管理有限公司,Stock,侯玉琦,,,,
90007,大成策略,大成基金管理有限公司,Hybrid,侯春燕,,,,
519007,海富通回报,海富通基金管理有限公司,Hybrid,谈云飞,陶敏,,,
161607,融通巨潮A/B,融通基金管理有限公司,Stock,蔡志伟,,,,
162907,泰信400,泰信基金管理有限公司,Stock,张彦,,,,
620007,金元优质精选A,金元顺安基金管理有限公司,Hybrid,张博,周博洋,,,
485007,工银添利B,工银瑞信基金管理有限公司,Bond,杜海涛,谷衡,,,
291007,泰信增收C,泰信基金管理有限公司,Bond,何俊春,,,,
163407,兴全300增强A,兴全基金管理有限公司,Stock,申庆,,,,
630007,华商稳健A,华商基金管理有限公司,Bond,张永志,,,,
110007,易方达收益A,易方达基金管理有限公司,Bond,胡剑,,,,
270007,广发大盘,广发基金管理有限公司,Hybrid,程琨,李琛,苗宇,,
213007,宝盈收益A/B,宝盈基金管理有限公司,Bond,高宇,,,,
165707,诺德300,诺德基金管理有限公司,Stock,杨霞辉,,,,
161207,国投瑞和300,国投瑞银基金管理有限公司,Stock,殷瑞飞,,,,
450007,国富成长,国海富兰克林基金管理有限公司,Hybrid,杜飞,,,,
80007,长盛同鑫,长盛基金管理有限公司,Hybrid,冯雨生,,,,
485107,工银添利A,工银瑞信基金管理有限公司,Bond,杜海涛,谷衡,,,
107,富国稳健A/B,富国基金管理有限公司,Bond,俞晓斌,,,,
610007,信达消费,信达澳银基金管理有限公司,Hybrid,曾国富,,,,
570007,诺德30,诺德基金管理有限公司,Hybrid,杨霞辉,,,,
470007,汇添富上综,汇添富基金管理股份有限公司,Stock,吴振翔,,,,
350007,天治精选,天治基金管理有限公司,Hybrid,尹维国,,,,
233007,大摩卓越,摩根士丹利华鑫基金管理有限公司,Hybrid,王大鹏,,,,
460007,华泰行业,华泰柏瑞基金管理有限公司,Hybrid,吕慧建,,,,
340007,兴全责任,兴全基金管理有限公司,Hybrid,季文华,,,,
690007,民生景气,民生加银基金管理有限公司,Hybrid,王亮,,,,
160807,长盛300,长盛基金管理有限公司,Stock,冯雨生,,,,
630107,华商稳健B,华商基金管理有限公司,Bond,张永志,,,,
159907,广发300ETF,广发基金管理有限公司,Stock,刘杰,,,,
160607,鹏华价值,鹏华基金管理有限公司,Hybrid,谢书英,,,,
162207,泰达效率,泰达宏利基金管理有限公司,Hybrid,吴华,,,,
202007,南方隆元,南方基金管理股份有限公司,Hybrid,蒋秋洁,,,,
210007,金鹰技术A,金鹰基金管理有限公司,Hybrid,吴德u,,,,
162607,景顺资源,景顺长城基金管理有限公司,Hybrid,杨锐文,,,,
200007,长城回报,长城基金管理有限公司,Hybrid,何以广,,,,
161907,万家红利,万家基金管理有限公司,Stock,朱小明,,,,
290007,泰信增收A,泰信基金管理有限公司,Bond,何俊春,,,,
320007,诺安成长,诺安基金管理有限公司,Hybrid,蔡嵩松,王创练,,,
202107,南方广利C,南方基金管理股份有限公司,Bond,刘文良,,,,
162307,海富通100,海富通基金管理有限公司,Stock,江勇,,,,
400007,东方策略,东方基金管理有限责任公司,Hybrid,王然,,,,
40007,华安成长,华安基金管理有限公司,Hybrid,李欣,,,,
163807,中银优选,中银基金管理有限公司,Hybrid,王伟,,,,
590007,中邮380,中邮创业基金管理股份有限公司,Stock,王,俞科进,,,
50007,博时平衡,博时基金管理有限公司,Hybrid,刘思甸,张李陵,,,
580007,东吴安享,东吴基金管理有限公司,Hybrid,刘瑞,,,,
206007,鹏华优选,鹏华基金管理有限公司,Hybrid,王宗合,,,,
410007,华富价值增长,华富基金管理有限公司,Hybrid,陈启明,,,,
100038,富国300,富国基金管理有限公司,Stock,方F,李笑薇,,,
110038,易方达纯债C,易方达基金管理有限公司,Bond,王晓晨,张雅君,,,
338,鹏华双债,鹏华基金管理有限公司,Bond,刘太阳,,,,
70038,嘉实纯债C,嘉实基金管理有限公司,Bond,曲扬,,,,
460300,华泰300ETF联接A,华泰柏瑞基金管理有限公司,Stock,柳军,,,,
519700,交银主题,交银施罗德基金管理有限公司,Hybrid,沈楠,,,,
519300,大成300A/B,大成基金管理有限公司,Stock,苏秉毅,张钟玉,,,
519100,长盛100,长盛基金管理有限公司,Stock,冯雨生,,,,
518800,国泰黄金ETF,国泰基金管理有限公司,Other,艾小军,徐成城,,,
510300,华泰300ETF,华泰柏瑞基金管理有限公司,Stock,柳军,,,,
510500,南方500ETF,南方基金管理股份有限公司,Stock,罗文杰,,,,
40036,华安安心A,华安基金管理有限公司,Bond,郑可成,,,,
136,民生策略,民生加银基金管理有限公司,Hybrid,孙伟,,,,
110036,易方达双债C,易方达基金管理有限公司,Bond,王晓晨,,,,
436,易方达裕惠,易方达基金管理有限公司,Hybrid,胡剑,,,,
236,工银月月薪A,工银瑞信基金管理有限公司,Bond,张洋,,,,
166009,中欧新动力A,中欧基金管理有限公司,Hybrid,王健,许文星,,,
162509,国联安双禧,国联安基金管理有限公司,Stock,黄欣,,,,
580009,东吴多策略,东吴基金管理有限公司,Hybrid,刘瑞,,,,
50009,博时新兴,博时基金管理有限公司,Hybrid,曾鹏,,,,
121009,国投稳定,国投瑞银基金管理有限公司,Bond,蔡玮菁,,,,
410009,华富量子,华富基金管理有限公司,Hybrid,龚炜,郦彬,,,
206009,鹏华新兴产业,鹏华基金管理有限公司,Hybrid,梁浩,,,,
400009,东方稳健,东方基金管理有限责任公司,Bond,吴萍萍,,,,
320009,诺安增利B,诺安基金管理有限公司,Bond,裴禹翔,,,,
590009,中邮稳定A,中邮创业基金管理股份有限公司,Bond,吴昊,张萌,,,
163809,中银蓝筹,中银基金管理有限公司,Hybrid,王帅,,,,
40009,华安收益A,华安基金管理有限公司,Bond,贺涛,,,,
660009,农银收益A,农银汇理基金管理有限公司,Bond,史向明,周宇,,,
200009,长城债券,长城基金管理有限公司,Bond,蔡F,,,,
420009,天弘安康,天弘基金管理有限公司,Hybrid,姜晓丽,钱文成,,,
290009,泰信周期,泰信基金管理有限公司,Bond,何俊春,,,,
380009,中银添利A,中银基金管理有限公司,Bond,陈玮,,,,
660109,农银收益C,农银汇理基金管理有限公司,Bond,史向明,周宇,,,
159909,招商深证TMT50ETF,招商基金管理有限公司,Stock,刘重杰,苏燕青,,,
70009,嘉实短债,嘉实基金管理有限公司,Bond,李,李金灿,,,
210009,金鹰核心,金鹰基金管理有限公司,Hybrid,陈颖,,,,
202009,南方盛元,南方基金管理股份有限公司,Hybrid,林乐峰,,,,
162209,泰达市值,泰达宏利基金管理有限公司,Hybrid,李坤元,王鹏,,,
530009,建信收益A,建信基金管理有限责任公司,Bond,李菁,,,,
690009,民生红利,民生加银基金管理有限公司,Hybrid,王亮,,,,
340009,兴全磐稳,兴全基金管理有限公司,Bond,张睿,,,,
240009,华宝成长,华宝基金管理有限公司,Hybrid,曾豪,,,,
460009,华泰量化,华泰柏瑞基金管理有限公司,Hybrid,田汉卿,,,,
630109,华商稳定C,华商基金管理有限公司,Bond,张永志,,,,
20009,国泰金鹏,国泰基金管理有限公司,Hybrid,饶玉涵,,,,
481009,工银300A,工银瑞信基金管理有限公司,Stock,刘伟琳,,,,
109,富国稳健C,富国基金管理有限公司,Bond,俞晓斌,,,,
163109,申万深成指,申万菱信基金管理有限公司,Stock,龚丽丽,,,,
217009,招商核心,招商基金管理有限公司,Hybrid,郭锐,,,,
233009,大摩精选,摩根士丹利华鑫基金管理有限公司,Hybrid,夏青,,,,
260109,景内需贰,景顺长城基金管理有限公司,Hybrid,刘彦春,,,,
350009,天治研究A,天治基金管理有限公司,Hybrid,TIAN.HUAN,,,,
470009,汇添富民营A,汇添富基金管理股份有限公司,Hybrid,马翔,,,,
110009,易方达价值,易方达基金管理有限公司,Hybrid,葛秋石,,,,
630009,华商稳定A,华商基金管理有限公司,Bond,张永志,,,,
165509,信诚强债,中信保诚基金管理有限公司,Bond,宋海娟,,,,
163409,兴全绿色,兴全基金管理有限公司,Hybrid,邹欣,,,,
550009,信诚小盘,中信保诚基金管理有限公司,Hybrid,郑伟,,,,
450009,国富中小盘,国海富兰克林基金管理有限公司,Stock,赵晓东,,,,
270009,广发强债,广发基金管理有限公司,Bond,谢军,,,,
161609,融通动力,融通基金管理有限公司,Hybrid,朱丹,,,,
165309,建信300,建信基金管理有限责任公司,Stock,梁洪昀,,,,
90009,大成行业,大成基金管理有限公司,Hybrid,王磊,,,,
540009,汇丰消费,汇丰晋信基金管理有限公司,Stock,是星涛,,,,
531009,建信收益C,建信基金管理有限责任公司,Bond,李菁,,,,
360009,光大增利C,光大保德信基金管理有限公司,Bond,曾小丽,,,,
163209,诺安创业板,诺安基金管理有限公司,Stock,梅律吾,,,,
209,信诚产业,中信保诚基金管理有限公司,Hybrid,杨旭,郑伟,,,
164809,工银500,工银瑞信基金管理有限公司,Stock,刘伟琳,,,,
398031,中海蓝筹,中海基金管理有限公司,Hybrid,邱红丽,,,,
70031,嘉实全球,嘉实基金管理有限公司,QDII,蔡德森,,,,
159931,汇添富金融ETF,汇添富基金管理股份有限公司,Stock,过蓓蓓,,,,
1031,华夏安康A,华夏基金管理有限公司,Bond,柳万军,,,,
131,大成景兴C,大成基金管理有限公司,Bond,孙丹,王立,,,
519731,交银月月丰C,交银施罗德基金管理有限公司,Bond,凌超,,,,
31,华夏复兴,华夏基金管理有限公司,Hybrid,周克平,,,,
180031,银华中小盘,银华基金管理股份有限公司,Hybrid,李晓星,张萍,,,
2031,华夏策略,华夏基金管理有限公司,Hybrid,林晶,,,,
519991,长信双利A,长信基金管理有限责任公司,Hybrid,安昀,祝昱丰,,,
519091,新华资源,新华基金管理股份有限公司,Hybrid,栾超,,,,
191,富国信用债A/B,富国基金管理有限公司,Bond,黄纪亮,,,,
165,国投策略,国投瑞银基金管理有限公司,Hybrid,吉莉,颜文浩,,,
65,国富焦点,国海富兰克林基金管理有限公司,Hybrid,刘晓,刘怡敏,赵晓东,,
362,国泰聚信A,国泰基金管理有限公司,Hybrid,程洲,,,,
519162,新华增怡A,新华基金管理股份有限公司,Bond,于泽雨,,,,
519662,银河久益回报A,银河基金管理有限公司,Bond,蒋磊,,,,
396,汇添富安心C,汇添富基金管理股份有限公司,Bond,何F,茹奕菡,,,
54,鹏华增利,鹏华基金管理有限公司,Bond,刘太阳,,,,
470098,汇添富逆向,汇添富基金管理股份有限公司,Hybrid,顾耀强,,,,
519698,交银先锋,交银施罗德基金管理有限公司,Hybrid,芮晨,,,,
310398,申万300价值,申万菱信基金管理有限公司,Stock,荆一帆,,,,
53,鹏华永诚,鹏华基金管理有限公司,Bond,刘涛,,,,
100053,富国综指ETF联接,富国基金管理有限公司,Stock,方F,王保合,,,
253,景顺景兴C,景顺长城基金管理有限公司,Bond,何江波,,,,
519153,新华纯债C,新华基金管理股份有限公司,Bond,于泽雨,,,,
153,大成景旭C,大成基金管理有限公司,Bond,陈会荣,方孝成,,,
510630,华夏消费ETF,华夏基金管理有限公司,Stock,荣膺,,,,
510430,银华上证50ETF,银华基金管理股份有限公司,Stock,周大鹏,,,,
510030,华宝价值ETF,华宝基金管理有限公司,Stock,丰晨成,,,,
253030,国联安增益,国联安基金管理有限公司,Bond,薛琳,,,,
160130,南方永利A,南方基金管理股份有限公司,Bond,刘文良,,,,
510230,国泰金融ETF,国泰基金管理有限公司,Stock,艾小军,,,,
377530,上投行业A,上投摩根基金管理有限公司,Hybrid,孙芳,,,,
257030,国联安优势,国联安基金管理有限公司,Hybrid,刘斌,,,,
159930,汇添富能源ETF,汇添富基金管理股份有限公司,Stock,过蓓蓓,,,,
70030,嘉实中创400联接A,嘉实基金管理有限公司,Stock,李直,刘珈吟,,,
510330,华夏300ETF,华夏基金管理有限公司,Stock,张弘|,赵宗庭,,,
510130,易方达中盘ETF,易方达基金管理有限公司,Stock,刘树荣,,,,
130,大成景兴A,大成基金管理有限公司,Bond,孙丹,王立,,,
519730,交银月月丰A,交银施罗德基金管理有限公司,Bond,凌超,,,,
30,长城优选,长城基金管理有限公司,Hybrid,雷俊,,,,
519030,海富通稳固,海富通基金管理有限公司,Bond,陈轶平,杜晓海,,,
270030,广发聚财B,广发基金管理有限公司,Bond,代宇,,,,
110030,易方达量化,易方达基金管理有限公司,Stock,官泽帆,,,,
40037,华安安心B,华安基金管理有限公司,Bond,郑可成,,,,
70037,嘉实纯债A,嘉实基金管理有限公司,Bond,曲扬,,,,
110037,易方达纯债A,易方达基金管理有限公司,Bond,王晓晨,张雅君,,,
100037,富国优化C,富国基金管理有限公司,Bond,俞晓斌,张明凯,,,
121008,国投成长,国投瑞银基金管理有限公司,Hybrid,桑俊,,,,
50008,博时三产,博时基金管理有限公司,Hybrid,韩茂华,李佳,,,
580008,东吴新产业,东吴基金管理有限公司,Hybrid,刘瑞,,,,
166008,中欧强债A,中欧基金管理有限公司,Bond,赵国英,,,,
310508,申万稳益宝,申万菱信基金管理有限公司,Bond,范磊,唐俊杰,,,
206008,鹏华丰盛,鹏华基金管理有限公司,Bond,刘太阳,,,,
420108,天弘债B,天弘基金管理有限公司,Bond,郭相博,刘盟盟,刘洋,,
410008,华富100,华富基金管理有限公司,Stock,郜哲,,,,
320008,诺安增利A,诺安基金管理有限公司,Bond,裴禹翔,,,,
202108,南方润元A/B,南方基金管理股份有限公司,Bond,金凌志,,,,
660008,农银300A,农银汇理基金管理有限公司,Stock,宋永安,,,,
310308,申万精选,申万菱信基金管理有限公司,Hybrid,孙琳,,,,
40008,华安优选,华安基金管理有限公司,Hybrid,杨明,,,,
163808,中银100,中银基金管理有限公司,Stock,赵建忠,,,,
590008,中邮战略,中邮创业基金管理股份有限公司,Hybrid,杨欢,,,,
420008,天弘债A,天弘基金管理有限公司,Bond,郭相博,刘盟盟,刘洋,,
200008,长城品牌,长城基金管理有限公司,Hybrid,杨建华,,,,
161908,万家添利,万家基金管理有限公司,Bond,陈佳昀,,,,
290008,泰信发展,泰信基金管理有限公司,Hybrid,钱鑫,,,,
160608,鹏华债券B,鹏华基金管理有限公司,Bond,刘涛,,,,
530008,建信稳定增利C,建信基金管理有限责任公司,Bond,朱建华,,,,
162208,泰达首选,泰达宏利基金管理有限公司,Stock,张勋,,,,
519908,华夏兴华A,华夏基金管理有限公司,Hybrid,阳琨,,,,
210008,金鹰策略,金鹰基金管理有限公司,Hybrid,陈颖,,,,
460008,华泰稳健A,华泰柏瑞基金管理有限公司,Bond,陈东,董元星,,,
240008,华宝收益,华宝基金管理有限公司,Hybrid,毛文博,,,,
340008,兴全有机,兴全基金管理有限公司,Hybrid,季侃乐,乔迁,,,
690008,民生资源,民生加银基金管理有限公司,Stock,蔡晓,武杰,,,
481008,工银蓝筹,工银瑞信基金管理有限公司,Hybrid,王筱苓,,,,
160808,长盛同瑞,长盛基金管理有限公司,Stock,陈亘斯,,,,
610008,信达信用债A,信达澳银基金管理有限公司,Bond,尹华龙,,,,
570008,诺德周期,诺德基金管理有限公司,Hybrid,罗世锋,,,,
470008,汇添富策略,汇添富基金管理股份有限公司,Hybrid,顾耀强,,,,
350008,天治新消费,天治基金管理有限公司,Hybrid,尹维国,,,,
260108,景顺成长,景顺长城基金管理有限公司,Hybrid,刘彦春,,,,
308,建信创新,建信基金管理有限责任公司,Hybrid,邵卓,,,,
233008,大摩消费,摩根士丹利华鑫基金管理有限公司,Hybrid,王大鹏,,,,
217008,招商安本,招商基金管理有限公司,Bond,滕越,,,,
408,民生城镇,民生加银基金管理有限公司,Hybrid,柳世庆,,,,
630008,华商策略,华商基金管理有限公司,Hybrid,周海栋,,,,
165508,信诚深度,中信保诚基金管理有限公司,Hybrid,夏明月,,,,
110008,易方达收益B,易方达基金管理有限公司,Bond,胡剑,,,,
270008,广发核心,广发基金管理有限公司,Hybrid,程琨,吴兴武,,,
213008,宝盈资源,宝盈基金管理有限公司,Hybrid,刘李杰,肖肖,,,
450008,国富300,国海富兰克林基金管理有限公司,Stock,张志强,,,,
550008,信诚优胜,中信保诚基金管理有限公司,Hybrid,王睿,,,,
460108,华泰稳健C,华泰柏瑞基金管理有限公司,Bond,陈东,董元星,,,
80008,长盛战略A,长盛基金管理有限公司,Hybrid,冯雨生,李琪,,,
208,建信双债C,建信基金管理有限责任公司,Bond,彭紫云,朱虹,,,
360008,光大增利A,光大保德信基金管理有限公司,Bond,曾小丽,,,,
540008,汇丰低碳,汇丰晋信基金管理有限公司,Stock,方超,,,,
519008,汇添富优势,汇添富基金管理股份有限公司,Hybrid,王栩,,,,
610108,信达信用债C,信达澳银基金管理有限公司,Bond,尹华龙,,,,
620008,金元经济主题,金元顺安基金管理有限公司,Hybrid,,,,,
8,嘉实中证500ETF联接A,嘉实基金管理有限公司,Stock,陈正宪,何如,,,
730001,方正创新动力A,方正富邦基金管理有限公司,Hybrid,符健,,,,
630001,华商领先,华商基金管理有限公司,Hybrid,李双全,彭欣杨,,,
2001,华夏回报A,华夏基金管理有限公司,Hybrid,蔡向阳,,,,
519601,海富通海外,海富通基金管理有限公司,QDII,高峥,陶意非,,,
166801,浙商新思维,浙商基金管理有限公司,Hybrid,倪权生,,,,
110001,易方达平稳,易方达基金管理有限公司,Hybrid,陈皓,,,,
270001,广发聚富,广发基金管理有限公司,Hybrid,林英睿,苗宇,,,
213001,宝盈鸿利A,宝盈基金管理有限公司,Hybrid,李进,,,,
262001,景顺大中华,景顺长城基金管理有限公司,QDII,周寒颖,,,,
550001,信诚四季,中信保诚基金管理有限公司,Hybrid,吴昊,夏明月,,,
450001,国富收益,国海富兰克林基金管理有限公司,Hybrid,徐荔蓉,,,,
80001,长盛成长,长盛基金管理有限公司,Hybrid,冯雨生,,,,
180001,银华优势,银华基金管理股份有限公司,Hybrid,王鑫钢,,,,
360001,光大量化,光大保德信基金管理有限公司,Stock,翟云飞,金P毅,盛松,,
540001,汇丰2016,汇丰晋信基金管理有限公司,Hybrid,蔡若林,,,,
710301,富安达强债A,富安达基金管理有限公司,Bond,李飞,,,,
90001,大成价值,大成基金管理有限公司,Hybrid,李本刚,李林益,杨挺,,
519001,银华优选,银华基金管理股份有限公司,Hybrid,倪明,苏静然,,,
161601,融通新蓝筹,融通基金管理有限公司,Hybrid,张延闽,,,,
620001,金元宝石动力,金元顺安基金管理有限公司,Hybrid,闵杭,,,,
720001,财通价值,财通基金管理有限公司,Hybrid,金梓才,,,,
1,华夏成长,华夏基金管理有限公司,Hybrid,董阳阳,,,,
585001,东吴中证新兴,东吴基金管理有限公司,Stock,周鑫怿,朱冰兵,,,
460001,华泰盛世,华泰柏瑞基金管理有限公司,Hybrid,牛勇,,,,
340001,兴全可转债,兴全基金管理有限公司,Hybrid,虞淼,,,,
240001,华宝消费,华宝基金管理有限公司,Hybrid,胡戈游,,,,
690001,民生蓝筹,民生加银基金管理有限公司,Hybrid,高松,,,,
481001,工银价值A,工银瑞信基金管理有限公司,Hybrid,何肖颉,,,,
20001,国泰金鹰,国泰基金管理有限公司,Hybrid,周伟锋,,,,
700001,平安行业,平安基金管理有限公司,Hybrid,刘杰,,,,
151001,银河稳健,银河基金管理有限公司,Hybrid,钱睿南,,,,
399001,中海50,中海基金管理有限公司,Stock,彭海平,,,,
610001,信达领先,信达澳银基金管理有限公司,Hybrid,李朝伟,王咏辉,,,
710001,富安达优势,富安达基金管理有限公司,Hybrid,吴战峰,,,,
395001,中海稳健,中海基金管理有限公司,Bond,王含嫣,,,,
570001,诺德价值,诺德基金管理有限公司,Hybrid,罗世锋,,,,
350001,天治财富,天治基金管理有限公司,Hybrid,梁辰,,,,
260101,景顺优选,景顺长城基金管理有限公司,Hybrid,杨锐文,,,,
233001,大摩基础,摩根士丹利华鑫基金管理有限公司,Hybrid,王大鹏,朱睿,,,
217001,招商偏股,招商基金管理有限公司,Hybrid,潘明曦,徐张红,,,
420001,天弘精选,天弘基金管理有限公司,Hybrid,谷琦彬,姜晓丽,钱文成,,
200001,长城久恒,长城基金管理有限公司,Hybrid,储雯玉,,,,
740001,长安策略,长安基金管理有限公司,Hybrid,顾晓飞,,,,
70001,嘉实成长A,嘉实基金管理有限公司,Hybrid,邵秋涛,,,,
159901,易方达深100ETF,易方达基金管理有限公司,Stock,成曦,刘树荣,,,
650001,英大纯债A,英大基金管理有限公司,Bond,易祺坤,,,,
1001,华夏债券A/B,华夏基金管理有限公司,Bond,何家琪,,,,
750001,安信灵活,安信基金管理有限责任公司,Hybrid,张竞,,,,
261001,景顺收益A,景顺长城基金管理有限公司,Bond,何江波,,,,
530001,建信价值,建信基金管理有限责任公司,Hybrid,陶灿,,,,
162201,泰达成长,泰达宏利基金管理有限公司,Hybrid,周琦凯,,,,
202001,南方稳健,南方基金管理股份有限公司,Hybrid,应帅,,,,
210001,金鹰优选,金鹰基金管理有限公司,Hybrid,倪超,,,,
288001,华夏经典,华夏基金管理有限公司,Hybrid,佟巍,,,,
770001,德邦优化,德邦基金管理有限公司,Hybrid,房建威,,,,
121001,国投融华,国投瑞银基金管理有限公司,Bond,何明,汤海波,颜文浩,,
740101,长安300,长安基金管理有限公司,Stock,林忠晶,,,,
50001,博时价值,博时基金管理有限公司,Hybrid,金晟哲,,,,
762001,国金国鑫,国金基金管理有限公司,Hybrid,徐艳芳,张航,滕祖光,,
166001,中欧新趋势A,中欧基金管理有限公司,Hybrid,周蔚文,,,,
580001,东吴嘉禾,东吴基金管理有限公司,Hybrid,胡启聪,彭敢,,,
457001,国富机会,国海富兰克林基金管理有限公司,QDII,徐成,,,,
50201,博时价值贰,博时基金管理有限公司,Hybrid,蒋娜,,,,
410001,华富优选,华富基金管理有限公司,Hybrid,龚炜,,,,
582201,东吴优信C,东吴基金管理有限公司,Bond,刘元海,杨庆定,,,
320001,诺安平衡,诺安基金管理有限公司,Hybrid,蔡宇滨,,,,
202101,南方宝元A,南方基金管理股份有限公司,Bond,林乐峰,,,,
261101,景顺收益C,景顺长城基金管理有限公司,Bond,何江波,,,,
400001,东 方 龙,东方基金管理有限责任公司,Hybrid,许文波,,,,
660001,农银成长A,农银汇理基金管理有限公司,Hybrid,郭世凯,,,,
398001,中海成长,中海基金管理有限公司,Hybrid,于航,,,,
40001,华安创新,华安基金管理有限公司,Hybrid,杨明,,,,
163801,中银中国,中银基金管理有限公司,Hybrid,陈军,,,,
590001,中邮优选,中邮创业基金管理股份有限公司,Hybrid,杨欢,,,,
582001,东吴优信A,东吴基金管理有限公司,Bond,刘元海,杨庆定,,,
161606,融通行业,融通基金管理有限公司,Hybrid,邹曦,,,,
90006,大成2020,大成基金管理有限公司,Hybrid,陈会荣,孙丹,王磊,,
540006,汇丰大盘A,汇丰晋信基金管理有限公司,Stock,郭敏,,,,
360006,光大增长,光大保德信基金管理有限公司,Hybrid,魏晓雪,,,,
206,易方达投资信用C,易方达基金管理有限公司,Bond,王晓晨,,,,
620006,金元消费主题,金元顺安基金管理有限公司,Hybrid,闵杭,,,,
630006,华商产业,华商基金管理有限公司,Hybrid,彭欣杨,,,,
163406,兴全合润,兴全基金管理有限公司,Hybrid,谢治宇,,,,
450006,国富债券C,国海富兰克林基金管理有限公司,Bond,刘怡敏,,,,
213006,宝盈核心A,宝盈基金管理有限公司,Hybrid,李健伟,,,,
270006,广发优选,广发基金管理有限公司,Hybrid,罗洋,,,,
610006,信达产业,信达澳银基金管理有限公司,Hybrid,曾国富,,,,
106,建信安心C,建信基金管理有限责任公司,Bond,闫晗,,,,
161506,银河通利C,银河基金管理有限公司,Bond,韩晶,蒋磊,,,
161706,招商成长,招商基金管理有限公司,Hybrid,贾成东,,,,
233006,大摩领先,摩根士丹利华鑫基金管理有限公司,Hybrid,徐达,,,,
306,天弘弘利,天弘基金管理有限公司,Bond,姜晓丽,王林,,,
350006,天治稳健,天治基金管理有限公司,Bond,王洋,,,,
470006,汇添富医药A,汇添富基金管理股份有限公司,Hybrid,郑磊,,,,
570006,诺德中小盘,诺德基金管理有限公司,Hybrid,顾钰,王S,,,
690006,民生双利A,民生加银基金管理有限公司,Bond,高松,杨林耘,,,
340006,兴全视野,兴全基金管理有限公司,Stock,王品,,,,
560006,益民核心,益民基金管理有限公司,Hybrid,吕伟,,,,
700006,平安添利C,平安基金管理有限公司,Bond,WANG.AO,,,,
519706,交银300价值ETF联接,交银施罗德基金管理有限公司,Stock,蔡铮,,,,
690206,民生双利C,民生加银基金管理有限公司,Bond,高松,杨林耘,,,
160806,长盛800,长盛基金管理有限公司,Stock,陈亘斯,,,,
481006,工银红利,工银瑞信基金管理有限公司,Hybrid,林念,,,,
380006,中银纯债C,中银基金管理有限公司,Bond,陈玮,,,,
159906,大成深成长ETF,大成基金管理有限公司,Stock,张钟玉,,,,
162006,长城久富,长城基金管理有限公司,Hybrid,陈良栋,,,,
70006,嘉实服务,嘉实基金管理有限公司,Hybrid,李帅,,,,
530006,建信精选,建信基金管理有限责任公司,Hybrid,王东杰,,,,
200006,长城消费,长城基金管理有限公司,Hybrid,龙宇飞,,,,
290006,泰信蓝筹,泰信基金管理有限公司,Hybrid,车广路,,,,
50106,博时稳定A,博时基金管理有限公司,Bond,张李陵,,,,
320006,诺安灵活,诺安基金管理有限公司,Hybrid,张强,,,,
160706,嘉实沪深300ETF联接A,嘉实基金管理有限公司,Stock,陈正宪,何如,,,
590006,中邮中小盘,中邮创业基金管理股份有限公司,Hybrid,尚杰,杨欢,,,
163806,中银增利,中银基金管理有限公司,Bond,方抗,奚鹏洲,,,
660006,农银大盘,农银汇理基金管理有限公司,Hybrid,宋永安,,,,
166006,中欧成长A,中欧基金管理有限公司,Hybrid,李欣,王培,,,
580006,东吴新经济,东吴基金管理有限公司,Hybrid,张能进,,,,
50006,博时稳定B,博时基金管理有限公司,Bond,张李陵,,,,
160106,南方高增,南方基金管理股份有限公司,Hybrid,张原,,,,
121006,国投稳健,国投瑞银基金管理有限公司,Hybrid,孙文龙,,,,
410006,华富策略精选,华富基金管理有限公司,Hybrid,高靖瑜,,,,
164606,华泰信用,华泰柏瑞基金管理有限公司,Bond,陈东,朱向临,,,
100039,富国主题,富国基金管理有限公司,Hybrid,曹晋,易智泉,,,
39,农银低估值,农银汇理基金管理有限公司,Hybrid,张燕,,,,
519039,长盛同德,长盛基金管理有限公司,Hybrid,冯雨生,,,,
139,富国企业债A/B,富国基金管理有限公司,Bond,王颀亮,张波,,,
199,国泰量化策略,国泰基金管理有限公司,Hybrid,高崇南,,,,
519099,新华主题,新华基金管理股份有限公司,Hybrid,李会忠,,,,
162299,泰达集利C,泰达宏利基金管理有限公司,Bond,丁宇佳,刘洋,,,
70099,嘉实优质,嘉实基金管理有限公司,Hybrid,胡涛,,,,
252,景顺景兴A,景顺长城基金管理有限公司,Bond,何江波,,,,
519152,新华纯债A,新华基金管理股份有限公司,Bond,于泽雨,,,,
152,大成景旭A,大成基金管理有限公司,Bond,陈会荣,方孝成,,,
519997,长信银利,长信基金管理有限责任公司,Hybrid,高远,,,,
519697,交银行业,交银施罗德基金管理有限公司,Hybrid,何帅,,,,
519097,新华市值,新华基金管理股份有限公司,Hybrid,付伟,,,,
519163,新华增怡C,新华基金管理股份有限公司,Bond,于泽雨,,,,
363,国泰聚信C,国泰基金管理有限公司,Hybrid,程洲,,,,
519663,银河久益回报C,银河基金管理有限公司,Bond,蒋磊,,,,
263,工银信息,工银瑞信基金管理有限公司,Hybrid,单文,,,,
63,长盛信息主题,长盛基金管理有限公司,Hybrid,钱文礼,朱律,,,
264,博时内需,博时基金管理有限公司,Hybrid,陈雷,刘阳,,,
40190,华安龙头ETF联接,华安基金管理有限公司,Stock,苏卿云,,,,
510190,华安龙头ETF,华安基金管理有限公司,Stock,苏卿云,,,,
510090,建信责任ETF,建信基金管理有限责任公司,Stock,薛玲,,,,
510290,南方上证380ETF,南方基金管理股份有限公司,Stock,孙伟,,,,
519690,交银稳健A,交银施罗德基金管理有限公司,Hybrid,陈孜铎,,,,
390,华商优势,华商基金管理有限公司,Hybrid,周海栋,,,,
190,中银新回报,中银基金管理有限公司,Hybrid,李建,,,,
40046,华安纳指,华安基金管理有限公司,QDII,倪斌,,,,
46,工银产业债B,工银瑞信基金管理有限公司,Bond,何秀红,,,,
346,建信安心回报A,建信基金管理有限责任公司,Bond,黎颖芳,闫晗,,,
519979,长信内需A,长信基金管理有限责任公司,Hybrid,安昀,,,,
279,华商红利,华商基金管理有限公司,Hybrid,邓默,王东旋,,,
519679,银河主题,银河基金管理有限公司,Hybrid,张杨,,,,
40041,华安纯债C,华安基金管理有限公司,Bond,苏玉平,郑如熙,,,
398041,中海量化,中海基金管理有限公司,Hybrid,彭海平,,,,
270041,广发消费,广发基金管理有限公司,Hybrid,李琛,田文舟,,,
241,宝盈核心C,宝盈基金管理有限公司,Hybrid,李健伟,,,,
141,富国企业债C,富国基金管理有限公司,Bond,王颀亮,张波,,,
519983,长信量化A,长信基金管理有限责任公司,Hybrid,左金保,,,,
519683,交银双利A/B,交银施罗德基金管理有限公司,Bond,唐S,,,,
83,汇添富消费,汇添富基金管理股份有限公司,Hybrid,胡昕炜,,,,
519183,万家灵活,万家基金管理有限公司,Hybrid,陈佳昀,叶勇,,,
183,嘉实丰益策略,嘉实基金管理有限公司,Bond,胡永青,曲扬,,,
519977,长信可转债A,长信基金管理有限责任公司,Bond,李家春,吴晖,,,
148,易方达高等债C,易方达基金管理有限公司,Bond,胡剑,林森,,,
270048,广发纯债A,广发基金管理有限公司,Bond,张芊,,,,
48,华夏双债C,华夏基金管理有限公司,Bond,柳万军,,,,
70,国投中高债C,国投瑞银基金管理有限公司,Bond,宋璐,,,,
519670,银河行业,银河基金管理有限公司,Hybrid,王海华,,,,
510270,中银国企ETF,中银基金管理有限公司,Stock,赵建忠,,,,
510070,鹏华民企ETF,鹏华基金管理有限公司,Stock,崔俊杰,张羽翔,,,
257070,国联安优选,国联安基金管理有限公司,Hybrid,潘明,,,,
510170,国联安商品ETF,国联安基金管理有限公司,Stock,黄欣,,,,
84,博时安盈A,博时基金管理有限公司,Bond,黄海峰,,,,
184,工银添福A,工银瑞信基金管理有限公司,Bond,李昱,张洋,,,
163824,中银盛利,中银基金管理有限公司,Bond,陈玮,,,,
50024,博时资源ETF联接,博时基金管理有限公司,Stock,万琼,王祥,,,
217024,招商安盈,招商基金管理有限公司,Bond,姚爽,尹晓红,,,
124,华宝优选,华宝基金管理有限公司,Hybrid,楼鸿强,,,,
24,大摩双利A,摩根士丹利华鑫基金管理有限公司,Bond,张雪,,,,
161624,融通可转债A,融通基金管理有限公司,Bond,许富强,,,,
519024,海富通债券A,海富通基金管理有限公司,Bond,何谦,谈云飞,,,
370024,上投优选,上投摩根基金管理有限公司,Hybrid,孙芳,,,,
50023,博时天颐A,博时基金管理有限公司,Bond,王衍胜,张李陵,,,
40023,华安可转债B,华安基金管理有限公司,Bond,贺涛,,,,
163823,中银稳健,中银基金管理有限公司,Hybrid,李建,,,,
50123,博时天颐C,博时基金管理有限公司,Bond,王衍胜,张李陵,,,
202023,南方成长A,南方基金管理股份有限公司,Hybrid,骆帅,,,,
70023,嘉实深证120ETF联接A,嘉实基金管理有限公司,Stock,李直,刘珈吟,,,
159923,大成100ETF,大成基金管理有限公司,Stock,苏秉毅,,,,
1023,华夏亚债C,华夏基金管理有限公司,Bond,柳万军,,,,
20023,国泰驱动,国泰基金管理有限公司,Hybrid,林小聪,,,,
519723,交银双轮动A/B,交银施罗德基金管理有限公司,Bond,唐S,,,,
217023,招商强债,招商基金管理有限公司,Bond,滕越,,,,
123,汇添富实业债C,汇添富基金管理股份有限公司,Bond,蒋文玲,曾刚,,,
370023,上投消费领先,上投摩根基金管理有限公司,Stock,黄栋,,,,
110023,易方达医疗,易方达基金管理有限公司,Hybrid,杨桢霄,,,,
519023,海富通债券C,海富通基金管理有限公司,Bond,何谦,谈云飞,,,
160915,大成景丰,大成基金管理有限公司,Bond,李富强,,,,
163415,兴全模式,兴全基金管理有限公司,Hybrid,乔迁,,,,
161015,富国天盈,富国基金管理有限公司,Bond,俞晓斌,,,,
630015,华商大盘,华商基金管理有限公司,Hybrid,王东旋,,,,
165515,信诚300,中信保诚基金管理有限公司,Stock,HAN.YILING,,,,
110015,易方达行业,易方达基金管理有限公司,Hybrid,冯波,,,,
180015,银华强债,银华基金管理股份有限公司,Bond,瞿灿,,,,
80015,长盛中小盘,长盛基金管理有限公司,Hybrid,陈亘斯,,,,
215,广发趋势,广发基金管理有限公司,Hybrid,谭昌杰,谢军,,,
90015,大成内需A,大成基金管理有限公司,Hybrid,李本刚,李博,,,
519015,海富通选贰,海富通基金管理有限公司,Hybrid,黄峰,王智慧,,,
15,华夏纯债A,华夏基金管理有限公司,Bond,柳万军,,,,
481015,工银主题,工银瑞信基金管理有限公司,Hybrid,黄安乐,,,,
20015,国泰区位,国泰基金管理有限公司,Hybrid,饶玉涵,,,,
161115,易方达岁丰,易方达基金管理有限公司,Bond,胡剑,,,,
115,嘉实如意宝C,嘉实基金管理有限公司,Bond,刘宁,,,,
260115,景顺中小盘,景顺长城基金管理有限公司,Hybrid,李孟海,,,,
233015,大摩量化,摩根士丹利华鑫基金管理有限公司,Hybrid,陈健夫,夏青,,,
519115,浦银红利,浦银安盛基金管理有限公司,Hybrid,陈蔚丰,,,,
200015,长城优化,长城基金管理有限公司,Hybrid,张捷,,,,
160215,国泰价值,国泰基金管理有限公司,Hybrid,周伟锋,,,,
70015,嘉实多元A,嘉实基金管理有限公司,Bond,王茜,,,,
159915,易方达创业板ETF,易方达基金管理有限公司,Stock,成曦,刘树荣,,,
160415,华安多因子,华安基金管理有限公司,Hybrid,马丁,孙晨进,,,
160615,鹏华300A,鹏华基金管理有限公司,Stock,张羽翔,,,,
530015,建信深证60ETF联接A,建信基金管理有限责任公司,Stock,薛玲,,,,
202015,南方300ETF联接A,南方基金管理股份有限公司,Stock,罗文杰,,,,
206015,鹏华纯债,鹏华基金管理有限公司,Bond,王石千,,,,
400015,东方新能源,东方基金管理有限责任公司,Hybrid,李瑞,,,,
660015,农银行业,农银汇理基金管理有限公司,Hybrid,郭世凯,,,,
40015,华安灵活,华安基金管理有限公司,Hybrid,蒋G,,,,
160515,博时安丰18债A,博时基金管理有限公司,Bond,程卓,,,,
161612,融通深成A/B,融通基金管理有限公司,Stock,蔡志伟,,,,
90012,大成深成长ETF联接,大成基金管理有限公司,Stock,张钟玉,,,,
540012,汇丰恒生A,汇丰晋信基金管理有限公司,Stock,方磊,,,,
360012,光大小盘,光大保德信基金管理有限公司,Hybrid,戴奇雷,,,,
110012,易方达科汇,易方达基金管理有限公司,Hybrid,付浩,祁禾,,,
165512,信诚机遇,中信保诚基金管理有限公司,Hybrid,吴昊,,,,
163412,兴全轻资产,兴全基金管理有限公司,Hybrid,董理,,,,
180012,银华富裕,银华基金管理股份有限公司,Hybrid,焦巍,,,,
80012,长盛电子,长盛基金管理有限公司,Hybrid,钱文礼,,,,
395012,中海强债C,中海基金管理有限公司,Bond,王含嫣,,,,
128112,国投优化C,国投瑞银基金管理有限公司,Bond,蔡玮菁,董晗,,,
217012,招商领先A,招商基金管理有限公司,Hybrid,吴昊,,,,
519112,浦银收益C,浦银安盛基金管理有限公司,Bond,章潇枫,钟明,,,
312,华安量化A,华安基金管理有限公司,Stock,孙晨进,许之彦,,,
233012,大摩多元A,摩根士丹利华鑫基金管理有限公司,Bond,李轶,,,,
260112,景顺能源,景顺长城基金管理有限公司,Hybrid,鲍无可,,,,
240012,华宝债券A,华宝基金管理有限公司,Bond,李栋梁,詹杰,,,
519712,交银核心,交银施罗德基金管理有限公司,Hybrid,何帅,,,,
20012,国泰债券C,国泰基金管理有限公司,Bond,吴晨,,,,
481012,工银深红利ETF联接A,工银瑞信基金管理有限公司,Stock,赵栩,,,,
202212,南方平衡,南方基金管理股份有限公司,Hybrid,黄春逢,,,,
159912,汇添富300ETF,汇添富基金管理股份有限公司,Stock,过蓓蓓,赖中立,,,
70012,嘉实海外,嘉实基金管理有限公司,QDII,蒋一茜,,,,
162212,泰达红利,泰达宏利基金管理有限公司,Hybrid,刘欣,,,,
530012,建信积配,建信基金管理有限责任公司,Hybrid,姚锦,,,,
160612,鹏华丰收,鹏华基金管理有限公司,Bond,刘太阳,,,,
160212,国泰优势,国泰基金管理有限公司,Hybrid,杨飞,,,,
200012,长城中小盘,长城基金管理有限公司,Hybrid,何以广,,,,
320012,诺安主题,诺安基金管理有限公司,Hybrid,罗春蕾,,,,
160512,博时卓越,博时基金管理有限公司,Hybrid,王增财,,,,
163812,中银双利B,中银基金管理有限公司,Bond,奚鹏洲,,,,
40012,华安强债A,华安基金管理有限公司,Bond,苏玉平,,,,
660012,农银消费A,农银汇理基金管理有限公司,Hybrid,付娟,徐文卉,,,
161812,银华100,银华基金管理股份有限公司,Stock,周毅,,,,
50012,博时策略,博时基金管理有限公司,Hybrid,孙少锋,,,,
121012,国投优化A/B,国投瑞银基金管理有限公司,Bond,蔡玮菁,董晗,,,
206012,鹏华价值精选,鹏华基金管理有限公司,Stock,张航,,,,
162712,广发聚利A,广发基金管理有限公司,Bond,代宇,,,,
519985,长信纯债A,长信基金管理有限责任公司,Bond,张文P,,,,
85,博时安盈C,博时基金管理有限公司,Bond,黄海峰,,,,
519685,交银双利C,交银施罗德基金管理有限公司,Bond,唐S,,,,
385,景顺景颐双利A,景顺长城基金管理有限公司,Bond,毛从容,,,,
519185,万家精选,万家基金管理有限公司,Hybrid,李文宾,莫海波,,,
185,工银添福B,工银瑞信基金管理有限公司,Bond,李昱,张洋,,,
171,易方达裕丰,易方达基金管理有限公司,Bond,张清华,张雅君,,,
519671,银河300,银河基金管理有限公司,Stock,罗博,,,,
519976,长信可转债C,长信基金管理有限责任公司,Bond,李家春,吴晖,,,
519682,交银增利C,交银施罗德基金管理有限公司,Bond,魏玉敏,于海颖,,,
82,嘉实研究,嘉实基金管理有限公司,Stock,张丹华,张露,,,
182,景顺金利C,景顺长城基金管理有限公司,Bond,袁媛,,,,
149,华安双债A,华安基金管理有限公司,Bond,贺涛,朱才敏,,,
270049,广发纯债C,广发基金管理有限公司,Bond,张芊,,,,
257040,国联安红利,国联安基金管理有限公司,Hybrid,徐俊,郑青,,,
377240,上投新兴A,上投摩根基金管理有限公司,Hybrid,杜猛,,,,
40040,华安纯债A,华安基金管理有限公司,Bond,苏玉平,郑如熙,,,
510440,大成中证500沪市ETF,大成基金管理有限公司,Stock,苏秉毅,,,,
47,华夏双债A,华夏基金管理有限公司,Bond,柳万军,,,,
347,建信安心回报C,建信基金管理有限责任公司,Bond,黎颖芳,闫晗,,,
147,易方达高等债A,易方达基金管理有限公司,Bond,胡剑,林森,,,
519078,汇添富增收A,汇添富基金管理股份有限公司,Bond,陆文磊,徐光,,,
519678,银河消费,银河基金管理有限公司,Hybrid,卢轶乔,,,,
470078,汇添富增收C,汇添富基金管理股份有限公司,Bond,陆文磊,徐光,,,
360013,光大信用A,光大保德信基金管理有限公司,Bond,周华,,,,
90013,大成竞争,大成基金管理有限公司,Hybrid,李本刚,周志超,,,
519013,海富通优势,海富通基金管理有限公司,Hybrid,王金祥,,,,
161613,融通创业板A/B,融通基金管理有限公司,Stock,蔡志伟,,,,
165313,建信优势,建信基金管理有限责任公司,Hybrid,姜锋,,,,
128013,国投纯债B,国投瑞银基金管理有限公司,Bond,,,,,
675013,西部双利C,西部利得基金管理有限公司,Bond,韩丽楠,林静,,,
110013,易方达科翔,易方达基金管理有限公司,Hybrid,陈皓,,,,
161213,国投消费,国投瑞银基金管理有限公司,Stock,赵建,,,,
180013,银华领先,银华基金管理股份有限公司,Hybrid,倪明,苏静然,,,
113,嘉实如意宝A/B,嘉实基金管理有限公司,Bond,刘宁,,,,
313,华安量化C,华安基金管理有限公司,Stock,孙晨进,许之彦,,,
233013,大摩多元C,摩根士丹利华鑫基金管理有限公司,Bond,李轶,,,,
161713,招商信用,招商基金管理有限公司,Bond,向霈,,,,
519113,浦银生活,浦银安盛基金管理有限公司,Hybrid,吴勇,,,,
217013,招商小盘,招商基金管理有限公司,Hybrid,韩冰,,,,
240013,华宝债券B,华宝基金管理有限公司,Bond,李栋梁,詹杰,,,
481013,工银消费,工银瑞信基金管理有限公司,Hybrid,王筱苓,,,,
70013,嘉实精选A,嘉实基金管理有限公司,Hybrid,张丹华,张露,,,
159913,交银300价值ETF,交银施罗德基金管理有限公司,Stock,蔡铮,,,,
202213,南方核心,南方基金管理股份有限公司,Hybrid,卢玉珊,,,,
1013,华夏希望C,华夏基金管理有限公司,Bond,何家琪,,,,
160613,鹏华创新,鹏华基金管理有限公司,Hybrid,伍旋,,,,
162213,泰达沪深300A,泰达宏利基金管理有限公司,Stock,刘洋,,,,
200013,长城增利A,长城基金管理有限公司,Bond,马强,,,,
660013,农银添利,农银汇理基金管理有限公司,Bond,姚臻,,,,
40013,华安强债B,华安基金管理有限公司,Bond,苏玉平,,,,
160513,博时稳健A,博时基金管理有限公司,Bond,邓欣雨,,,,
121013,国投纯债A,国投瑞银基金管理有限公司,Bond,,,,,
50013,博时超大ETF联接,博时基金管理有限公司,Stock,万琼,,,,
161813,银华信用,银华基金管理股份有限公司,Bond,,,,,
200113,长城增利C,长城基金管理有限公司,Bond,马强,,,,
414,嘉实绝对收益,嘉实基金管理有限公司,Hybrid,刘斌,,,,
161614,融通添利,融通基金管理有限公司,Bond,王超,余志勇,,,
360014,光大信用C,光大保德信基金管理有限公司,Bond,周华,,,,
485014,工银添颐B,工银瑞信基金管理有限公司,Bond,杜海涛,景晓达,宋炳|,,
240014,华宝100A,华宝基金管理有限公司,Stock,陈建华,,,,
519714,交银新驱动,交银施罗德基金管理有限公司,Stock,韩威俊,,,,
485114,工银添颐A,工银瑞信基金管理有限公司,Bond,杜海涛,景晓达,宋炳|,,
314,招商瑞丰A,招商基金管理有限公司,Hybrid,王刚,,,,
290014,泰信现代,泰信基金管理有限公司,Hybrid,王博强,,,,
162214,泰达领先,泰达宏利基金管理有限公司,Hybrid,庄腾飞,,,,
50014,博时创业A,博时基金管理有限公司,Hybrid,韩茂华,,,,
160314,华夏行业,华夏基金管理有限公司,Hybrid,孙彬,,,,
162714,广发100,广发基金管理有限公司,Stock,罗国庆,,,,
160514,博时稳健C,博时基金管理有限公司,Bond,邓欣雨,,,,
50022,博时回报,博时基金管理有限公司,Hybrid,肖瑞瑾,,,,
163822,中银主题,中银基金管理有限公司,Hybrid,陈军,黄B,,,
40022,华安可转债A,华安基金管理有限公司,Bond,贺涛,,,,
159922,嘉实中证500ETF,嘉实基金管理有限公司,Stock,陈正宪,何如,,,
70022,嘉实领先,嘉实基金管理有限公司,Hybrid,邵秋涛,,,,
240022,华宝资源,华宝基金管理有限公司,Hybrid,蔡目荣,,,,
217022,招商产业债A,招商基金管理有限公司,Bond,马龙,,,,
122,汇添富实业债A,汇添富基金管理股份有限公司,Bond,蒋文玲,曾刚,,,
370022,上投添利B,上投摩根基金管理有限公司,Bond,唐瑭,,,,
270022,广发内需,广发基金管理有限公司,Hybrid,王明旭,,,,
110022,易方达消费,易方达基金管理有限公司,Stock,萧楠,,,,
161022,富国创业板,富国基金管理有限公司,Stock,方F,王保合,,,
100022,富国天瑞,富国基金管理有限公司,Hybrid,厉叶淼,,,,
222,汇添富年年利C,汇添富基金管理股份有限公司,Bond,徐光,,,,
40025,华安科技,华安基金管理有限公司,Hybrid,谢振东,,,,
161825,银华800,银华基金管理股份有限公司,Stock,,,,,
202025,南方380ETF联接A,南方基金管理股份有限公司,Stock,孙伟,,,,
70025,嘉实信用债A,嘉实基金管理有限公司,Bond,胡永青,,,,
159925,南方300ETF,南方基金管理股份有限公司,Stock,罗文杰,,,,
519725,交银双轮动C,交银施罗德基金管理有限公司,Bond,唐S,,,,
25,大摩双利C,摩根士丹利华鑫基金管理有限公司,Bond,张雪,,,,
519025,海富通领先,海富通基金管理有限公司,Hybrid,李志,,,,
161625,融通可转债C,融通基金管理有限公司,Bond,许富强,,,,
270025,广发行业A,广发基金管理有限公司,Hybrid,程琨,李琛,,,
180025,银华双利A,银华基金管理股份有限公司,Bond,贾鹏,孙慧,,,
110025,易方达资源,易方达基金管理有限公司,Hybrid,兰传杰,,,,
