基金名称,基金代码,基金类型,任职回报,同类平均,风险
华夏成长混合,1,混合型,12.03%,49.62%,中高风险
中海可转债债券A,3,债券型,10.47%,5.62%,中高风险
中海可转债债券C,4,债券型,10.62%,5.62%,中高风险
嘉实增强信用定期债券,5,定开债券,36.06%,45.78%,中低风险
嘉实中证500ETF联接A,8,联接基金,-23.52%,5.03%,高风险
华夏大盘精选混合,11,混合型,28.16%,9.79%,中高风险
华夏纯债债券A,15,债券型,19.56%,33.18%,中低风险
华夏纯债债券C,16,债券型,17.44%,33.18%,中低风险
财通可持续混合,17,混合型,22.45%,17.25%,中高风险
景顺长城品质投资混合,20,混合型,64.40%,73.22%,中高风险
华夏优势增长混合,21,混合型,32.75%,78.99%,中高风险
大摩双利增强债券A,24,债券型,30.51%,25.36%,中低风险
大摩双利增强债券C,25,债券型,29.40%,25.36%,中低风险
华富安鑫债券,28,债券型,38.15%,34.90%,中低风险
富国宏观策略灵活配置混合,29,混合型,118.76%,88.74%,中高风险
长城核心优选混合,30,混合型,57.60%,55.21%,中高风险
华夏复兴混合,31,混合型,27.21%,15.71%,中高风险
易方达信用债债券A,32,债券型,39.31%,41.60%,中低风险
易方达信用债债券C,33,债券型,36.14%,41.60%,中低风险
农银高增长混合,39,混合型,-7.79%,9.04%,中高风险
中证财通可持续发展100指数A,42,股票指数,34.25%,16.01%,高风险
嘉实美国成长股票人民币,43,QDII,102.00%,38.52%,高风险
嘉实美国成长股票美元现汇,44,QDII,79.00%,38.52%,高风险
工银产业债债券A,45,债券型,59.11%,42.51%,中风险
工银产业债债券B,46,债券型,55.03%,42.51%,中风险
华夏双债债券A,47,债券型,14.65%,12.70%,中风险
华夏双债债券C,48,债券型,13.45%,12.70%,中风险
华夏沪深300ETF联接A,51,联接基金,27.30%,46.59%,高风险
鹏华永诚一年定开债券,53,定开债券,48.65%,39.76%,中低风险
鹏华双债增利债券,54,债券型,17.87%,12.02%,中风险
建信消费升级混合,56,混合型,91.00%,78.58%,中高风险
中银消费主题混合,57,混合型,-19.79%,6.91%,中高风险
国联安安泰灵活配置混合,58,混合型,14.11%,2.78%,中高风险
国联安中证医药100A,59,股票指数,-17.32%,5.62%,高风险
华夏盛世混合,61,混合型,15.67%,17.79%,中高风险
长盛电子信息主题灵活配置混合,63,混合型,26.00%,47.92%,中高风险
国富焦点驱动混合,65,混合型,76.43%,80.14%,中高风险
诺安鸿鑫混合,66,混合型,55.39%,70.10%,中高风险
民生加银转债优选A,67,债券型,129.70%,35.37%,中高风险
民生加银转债优选C,68,债券型,127.81%,35.37%,中高风险
国投瑞银中高等级债券A,69,债券型,12.63%,9.28%,中低风险
国投瑞银中高等级债券C,70,债券型,11.41%,9.28%,中低风险
华安稳健回报混合,72,混合型,88.85%,80.98%,中高风险
上投摩根成长动力混合,73,混合型,5.80%,14.95%,中高风险
天治可转债增强债券A,80,债券型,39.00%,18.60%,中高风险
天治可转债增强债券C,81,债券型,38.10%,18.60%,中高风险
嘉实研究阿尔法股票,82,股票型,75.88%,57.11%,高风险
汇添富消费行业混合,83,混合型,93.10%,14.13%,中高风险
博时安盈债券A,84,债券型,9.81%,10.08%,中低风险
博时安盈债券C,85,债券型,8.90%,10.08%,中低风险
南方稳利1年定开债A,86,定开债券,24.78%,29.72%,中低风险
嘉实中证金边国债ETF联接A,87,联接基金,0.00%,14.45%,中低风险
嘉实中证金边国债ETF联接C,88,联接基金,0.33%,14.45%,中低风险
华宸未来稳健添利债券A,104,债券型,4.45%,7.97%,中低风险
建信安心回报债券A,105,定开债券,29.47%,38.17%,中低风险
建信安心回报债券C,106,定开债券,26.54%,38.17%,中低风险
富国稳健增强债券A/B,107,债券型,11.28%,8.85%,中风险
富国稳健增强债券C,109,债券型,10.31%,8.85%,中风险
嘉实如意宝定期债券A/B,113,定开债券,39.21%,41.81%,中低风险
嘉实如意宝定期债券C,115,定开债券,35.97%,41.81%,中低风险
嘉实丰益纯债定期债券,116,定开债券,37.65%,42.94%,中低风险
广发轮动配置混合,117,混合型,44.27%,30.68%,中高风险
广发聚鑫债券A,118,债券型,82.50%,41.59%,中风险
广发聚鑫债券C,119,债券型,79.61%,41.59%,中风险
中银美丽中国混合,120,混合型,27.21%,56.89%,中高风险
华夏永福混合A,121,混合型,12.54%,7.21%,中高风险
汇添富实业债债券A,122,债券型,46.19%,40.89%,中低风险
汇添富实业债债券C,123,债券型,42.26%,40.89%,中低风险
华宝服务优选混合,124,混合型,69.39%,55.81%,中高风险
招商安润混合,126,混合型,36.28%,71.32%,中高风险
农银行业领先混合,127,混合型,77.07%,23.35%,中高风险
大成景安短融债券A,128,债券型,19.36%,31.75%,中低风险
大成景安短融债券B,129,债券型,20.44%,31.75%,中低风险
大成景兴信用债债券A,130,债券型,48.52%,33.81%,中风险
大成景兴信用债债券C,131,债券型,46.10%,33.81%,中风险
民生加银策略精选混合,136,混合型,192.44%,71.45%,中高风险
富国国有企业债债券A/B,139,债券型,10.73%,7.26%,中低风险
富国国有企业债债券C,141,债券型,9.50%,7.26%,中低风险
融通增强收益债券A,142,债券型,19.40%,28.54%,中风险
鹏华双债加利债券,143,债券型,18.46%,10.86%,中风险
易方达高等级信用债债券A,147,债券型,13.86%,9.59%,中低风险
易方达高等级信用债债券C,148,债券型,15.15%,9.59%,中低风险
华安双债添利债券A,149,债券型,57.58%,40.89%,中低风险
华安双债添利债券C,150,债券型,55.00%,40.89%,中低风险
大成景旭纯债债券A,152,债券型,17.70%,33.42%,中低风险
大成景旭纯债债券C,153,债券型,17.10%,33.42%,中低风险
国投瑞银策略精选混合,165,混合型,11.63%,9.79%,中高风险
中海信息产业精选混合,166,混合型,49.82%,79.57%,中高风险
广发聚优灵活配置混合A,167,混合型,46.78%,51.27%,中高风险
易方达裕丰回报债券,171,债券型,80.93%,46.59%,中风险
华泰柏瑞量化增强混合A,172,混合型,157.20%,74.79%,中高风险
汇添富美丽30混合,173,混合型,140.57%,90.52%,中高风险
汇添富高息债债券A,174,债券型,7.87%,5.01%,中低风险
汇添富高息债债券C,175,债券型,7.52%,5.01%,中低风险
景顺长城四季金利债券A,181,债券型,33.89%,43.62%,中风险
景顺长城四季金利债券C,182,债券型,31.37%,43.62%,中风险
嘉实丰益策略定期债券,183,定开债券,31.20%,41.02%,中低风险
工银添福债券A,184,债券型,65.63%,38.53%,中风险
工银添福债券B,185,债券型,62.29%,38.53%,中风险
华泰柏瑞季季红债券,186,债券型,24.65%,32.94%,中低风险
华泰柏瑞丰盛纯债债券A,187,债券型,39.52%,42.66%,中低风险
华泰柏瑞丰盛纯债债券C,188,债券型,36.68%,42.66%,中低风险
中银新回报灵活配置混合,190,混合型,76.74%,68.57%,中高风险
富国信用债债券A/B,191,债券型,33.19%,38.52%,中低风险
富国信用债债券C,192,债券型,30.32%,38.52%,中低风险
银华信用四季红债券A,194,债券型,50.29%,42.41%,中低风险
国泰量化策略收益混合,199,混合型,15.47%,10.67%,中高风险
易方达投资级信用债债券A,205,债券型,43.01%,41.64%,中低风险
易方达投资级信用债债券C,206,债券型,41.35%,41.64%,中低风险
建信双债增强债券A,207,债券型,27.04%,29.36%,中风险
建信双债增强债券C,208,债券型,25.73%,29.36%,中风险
信诚新兴产业混合,209,混合型,18.68%,76.24%,中高风险
广发趋势优选灵活配置混合,215,混合型,53.00%,31.90%,中高风险
华安黄金易ETF联接A,216,联接基金,15.70%,72.75%,高风险
华安黄金易ETF联接C,217,联接基金,15.16%,72.75%,高风险
博时裕益混合,219,混合型,16.91%,27.67%,中高风险
富国医疗保健行业混合,220,混合型,39.04%,3.54%,中高风险
汇添富年年利定开债A,221,定开债券,8.60%,4.93%,中低风险
汇添富年年利定开债C,222,定开债券,8.36%,4.93%,中低风险
工银月月薪定期支付债券A,236,债券型,44.20%,29.63%,中风险
宝盈核心优势混合C,241,混合型,-0.48%,12.27%,中高风险
景顺长城策略精选灵活配置混合,242,混合型,58.53%,56.22%,中高风险
工银金融地产混合,251,混合型,250.05%,70.64%,中高风险
景顺长城景兴信用纯债债券A,252,债券型,1.03%,2.10%,中低风险
景顺长城景兴信用纯债债券C,253,债券型,0.81%,2.10%,中低风险
上投摩根红利回报混合A,256,混合型,37.51%,61.64%,中高风险
农银区间收益混合,259,混合型,127.08%,73.75%,中高风险
工银信息产业混合,263,混合型,13.48%,7.11%,中高风险
博时内需增长混合,264,混合型,-0.71%,10.14%,中高风险
华润元大安鑫灵活配置混合A,273,混合型,74.88%,31.03%,中高风险
华商红利优选混合,279,混合型,5.52%,4.54%,中高风险
银华信用季季红债券A,286,债券型,43.03%,41.35%,中低风险
天弘弘利债券,306,债券型,26.80%,28.89%,中风险
建信创新中国混合,308,混合型,21.87%,-11.64%,中高风险
景顺长城沪深300指数增强,311,股票指数,143.40%,67.36%,高风险
华安沪深300增强A,312,股票指数,45.27%,33.74%,高风险
华安沪深300增强C,313,股票指数,42.84%,33.74%,高风险
招商瑞丰灵活配置混合发起式A,314,混合型,20.34%,23.74%,中高风险
鹏华双债保利债券,338,债券型,12.77%,7.89%,中风险
建信安心回报6个月定开A,346,定开债券,19.05%,25.95%,中低风险
建信安心回报6个月定开C,347,定开债券,17.80%,25.95%,中低风险
国泰聚信价值优势混合A,362,混合型,131.40%,73.71%,中高风险
国泰聚信价值优势混合C,363,混合型,133.82%,73.71%,中高风险
汇添富沪深300安中指数,368,股票指数,49.51%,67.84%,高风险
景顺长城景颐双利债券A,385,债券型,54.95%,46.95%,中风险
景顺长城景颐双利债券C,386,债券型,51.64%,46.95%,中风险
华商优势行业混合,390,混合型,24.85%,11.03%,中高风险
汇添富安心中国债券A,395,债券型,24.90%,43.93%,中低风险
汇添富安心中国债券C,396,债券型,26.30%,43.93%,中低风险
易方达新兴成长灵活配置,404,混合型,29.65%,15.49%,中高风险
民生加银城镇化混合,408,混合型,132.30%,58.85%,中高风险
嘉实绝对收益策略定期混合,414,混合型,17.77%,81.00%,中低风险
景顺长城成长之星股票,418,股票型,74.00%,69.01%,高风险
易方达聚盈分级债券发起式,428,债券型,1.51%,3.46%,中风险
建信稳定添利债券A,435,债券型,49.78%,44.29%,中风险
易方达裕惠定开混合发起式,436,混合型,98.65%,73.71%,中风险
华夏债券A/B,1001,债券型,63.56%,82.86%,中风险
华夏债券C,1003,债券型,46.81%,55.46%,中风险
华夏希望债券A,1011,债券型,77.43%,71.54%,中风险
华夏希望债券C,1013,债券型,72.29%,71.54%,中风险
华夏亚债中国指数A,1021,债券指数,16.04%,12.70%,中低风险
华夏亚债中国指数C,1023,债券指数,14.22%,12.70%,中低风险
华夏安康债券A,1031,债券型,50.00%,42.38%,中风险
华夏安康债券C,1033,债券型,47.57%,42.38%,中风险
华夏回报混合A,2001,混合型,85.01%,75.72%,中高风险
华夏红利混合,2011,混合型,54.41%,57.90%,中高风险
华夏回报二号混合,2021,混合型,87.91%,75.72%,中高风险
华夏策略混合,2031,混合型,21.24%,12.34%,中高风险
国泰金鹰增长混合,20001,混合型,14.04%,-4.33%,中高风险
国泰金龙债券A,20002,债券型,48.57%,61.82%,中风险
国泰金龙行业混合,20003,混合型,85.11%,54.62%,中高风险
国泰金马稳健混合,20005,混合型,49.03%,12.24%,中高风险
国泰金鹏蓝筹混合,20009,混合型,10.53%,9.77%,中高风险
国泰金牛创新成长混合,20010,混合型,28.94%,29.96%,中高风险
国泰沪深300指数A,20011,股票指数,-2.49%,-7.28%,高风险
国泰金龙债券C,20012,债券型,45.07%,61.82%,中风险
国泰区位优势混合,20015,混合型,167.31%,103.99%,中高风险
国泰金鹿混合,20018,混合型,30.86%,12.92%,中高风险
国泰双利债券A,20019,债券型,44.14%,42.10%,中风险
国泰双利债券C,20020,债券型,40.74%,42.10%,中风险
国泰上证180金融ETF联接,20021,联接基金,110.88%,78.60%,高风险
国泰事件驱动策略混合,20023,混合型,6.42%,8.95%,中高风险
国泰成长优选混合,20026,混合型,-15.47%,-18.45%,中高风险
国泰民安增利债券A,20033,债券型,32.91%,38.13%,中风险
国泰民安增利债券C,20034,债券型,31.41%,38.13%,中风险
华安创新混合,40001,混合型,20.17%,13.98%,中高风险
华安中国A股增强指数,40002,股票指数,55.71%,67.40%,高风险
华安宝利配置混合,40004,混合型,36.66%,14.87%,中高风险
华安宏利混合,40005,混合型,43.54%,54.46%,中高风险
华安中小盘成长混合,40007,混合型,2.47%,2.98%,中高风险
华安策略优选混合,40008,混合型,182.90%,74.81%,中高风险
华安稳定收益债券A,40009,债券型,98.20%,87.70%,中风险
华安稳定收益债券B,40010,债券型,89.46%,87.70%,中风险
华安核心优选混合,40011,混合型,105.96%,41.18%,中高风险
华安强化收益债券A,40012,债券型,87.68%,56.91%,中风险
华安强化收益债券B,40013,债券型,81.49%,56.91%,中风险
华安动态灵活配置混合,40015,混合型,37.92%,13.44%,中高风险
华安行业轮动混合,40016,混合型,36.82%,14.87%,中高风险
华安香港精选股票(QDII),40018,QDII,33.20%,62.57%,高风险
华安稳固收益债券C,40019,债券型,61.38%,55.52%,中风险
华安升级主题混合,40020,混合型,89.75%,24.54%,中高风险
华安大中华升级股票,40021,QDII,29.00%,33.82%,高风险
华安可转债债券A,40022,债券型,20.70%,57.32%,中高风险
华安可转债债券B,40023,债券型,17.00%,57.32%,中高风险
华安科技动力混合,40025,混合型,50.88%,10.10%,中高风险
华安信用四季红债券A,40026,债券型,54.40%,60.68%,中低风险
华安逆向策略混合,40035,混合型,12.53%,-11.29%,中高风险
华安安心收益债券A,40036,债券型,73.94%,52.99%,中风险
华安安心收益债券B,40037,债券型,73.83%,52.99%,中风险
华安纯债债券A,40040,债券型,34.54%,44.76%,中低风险
华安纯债债券C,40041,债券型,32.77%,44.76%,中低风险
华安添鑫中短债A,40045,债券型,38.06%,39.09%,中低风险
华安纳斯达克100指数,40046,QDII-指数,6.25%,2.51%,高风险
华安上证180ETF联接,40180,联接基金,44.09%,60.62%,高风险
华安上证龙头ETF联接,40190,联接基金,44.60%,57.08%,高风险
博时价值增长混合,50001,混合型,3.98%,25.85%,中高风险
博时沪深300指数A,50002,股票指数,14.20%,-7.60%,高风险
博时精选混合A,50004,混合型,70.42%,74.66%,中高风险
博时稳定价值债券B,50006,债券型,49.89%,33.44%,中风险
博时平衡配置混合,50007,混合型,12.17%,15.13%,中高风险
博时第三产业混合,50008,混合型,-3.22%,0.94%,中高风险
博时新兴成长混合,50009,混合型,37.52%,50.74%,中高风险
博时特许价值混合A,50010,混合型,33.97%,26.46%,中高风险
博时信用债券A/B,50011,债券型,179.99%,72.42%,中风险
博时策略混合,50012,混合型,21.10%,19.49%,中高风险
博时上证超大盘ETF联接,50013,联接基金,-15.42%,-27.14%,高风险
博时创业成长混合A,50014,混合型,106.75%,70.64%,中高风险
博时宏观回报债券A/B,50016,债券型,12.26%,6.62%,中风险
博时行业轮动混合,50018,混合型,54.75%,62.85%,中高风险
博时转债增强债券A,50019,债券型,25.65%,36.87%,中高风险
博时回报混合,50022,混合型,47.00%,6.20%,中高风险
博时天颐债券A,50023,债券型,35.30%,46.35%,中风险
博时上证自然资源ETF联接,50024,联接基金,-11.24%,5.80%,高风险
博时医疗保健行业混合A,50026,混合型,46.92%,50.54%,中高风险
博时信用债纯债债券A,50027,债券型,23.62%,12.70%,中低风险
博时稳定价值债券A,50106,债券型,50.62%,33.44%,中风险
博时信用债券C,50111,债券型,169.85%,72.42%,中风险
博时宏观回报债券C,50116,债券型,11.70%,6.62%,中风险
博时转债增强债券C,50119,债券型,24.33%,36.87%,中高风险
博时天颐债券C,50123,债券型,31.78%,46.35%,中风险
博时价值增长贰号混合,50201,混合型,-0.29%,25.85%,中高风险
嘉实成长收益混合A,70001,混合型,103.69%,78.69%,中高风险
嘉实增长混合,70002,混合型,26.79%,13.79%,中高风险
嘉实稳健混合,70003,混合型,200.05%,191.37%,中高风险
嘉实债券,70005,债券型,46.96%,60.43%,中风险
嘉实服务增值行业混合,70006,混合型,17.03%,8.27%,中高风险
嘉实超短债债券,70009,债券型,14.82%,7.25%,中低风险
嘉实主题混合,70010,混合型,54.92%,82.41%,中高风险
嘉实策略混合,70011,混合型,56.10%,115.80%,中高风险
嘉实海外中国股票混合,70012,QDII,30.37%,27.22%,高风险
嘉实研究精选混合A,70013,混合型,23.37%,16.54%,中高风险
嘉实多元债券A,70015,债券型,74.86%,74.35%,中风险
嘉实多元债券B,70016,债券型,69.21%,74.35%,中风险
嘉实量化阿尔法混合,70017,混合型,16.92%,12.31%,中高风险
嘉实回报混合,70018,混合型,53.59%,23.09%,中高风险
嘉实价值优势混合,70019,混合型,7.13%,-0.66%,中高风险
嘉实稳固收益债券,70020,债券型,44.65%,42.13%,中风险
嘉实主题新动力混合,70021,混合型,86.80%,109.26%,中高风险
嘉实领先成长混合,70022,混合型,126.90%,72.27%,中高风险
嘉实深证基本面120联接A,70023,联接基金,41.43%,15.34%,高风险
嘉实信用债券A,70025,债券型,41.85%,43.42%,中风险
嘉实信用债券C,70026,债券型,39.19%,43.42%,中风险
嘉实周期优选混合,70027,混合型,-18.60%,-0.67%,中高风险
嘉实中创400ETF联接A,70030,联接基金,54.71%,51.27%,高风险
嘉实全球房地产(QDII),70031,QDII,52.85%,41.55%,高风险
嘉实优化红利混合,70032,混合型,41.32%,13.90%,中高风险
嘉实纯债债券A,70037,债券型,31.94%,51.26%,中低风险
嘉实纯债债券C,70038,债券型,30.48%,51.26%,中低风险
嘉实优质企业混合,70099,混合型,163.05%,128.77%,中高风险
长盛成长价值混合,80001,混合型,9.00%,14.86%,中高风险
长盛创新先锋混合,80002,混合型,135.23%,124.01%,中高风险
长盛积极配置债券,80003,债券型,27.34%,17.27%,中风险
长盛量化红利混合,80005,混合型,-1.65%,1.09%,中高风险
长盛同鑫行业配置混合,80007,混合型,18.14%,9.08%,中高风险
长盛战略新兴产业混合A,80008,混合型,90.77%,124.01%,中高风险
长盛电子信息产业混合,80012,混合型,267.77%,126.71%,中高风险
长盛中小盘精选混合,80015,混合型,0.29%,6.57%,中高风险
大成价值增长混合,90001,混合型,-7.14%,3.55%,中高风险
大成债券A/B,90002,债券型,99.70%,71.01%,中风险
大成蓝筹稳健混合,90003,混合型,6.40%,5.21%,中高风险
大成精选增值混合,90004,混合型,-8.92%,-4.31%,中高风险
大成2020生命周期混合,90006,混合型,7.36%,14.87%,中高风险
大成策略回报混合,90007,混合型,9.81%,11.74%,中高风险
大成行业轮动混合,90009,混合型,14.23%,5.12%,中高风险
大成中证红利指数A,90010,股票指数,63.12%,25.97%,高风险
大成核心双动力混合,90011,混合型,26.91%,23.91%,中高风险
大成深证成长40ETF联接,90012,联接基金,1.85%,9.25%,高风险
大成竞争优势混合,90013,混合型,16.43%,18.55%,中高风险
大成内需增长混合A,90015,混合型,216.69%,107.14%,中高风险
大成消费主题混合,90016,混合型,64.57%,52.01%,中高风险
大成可转债增强债券,90017,债券型,24.57%,30.68%,中高风险
大成新锐产业混合,90018,混合型,24.58%,17.52%,中高风险
大成景恒混合A,90019,混合型,35.20%,54.40%,中高风险
大成健康产业混合,90020,混合型,12.50%,30.56%,中高风险
大成债券C,92002,债券型,93.03%,71.01%,中风险
富国天源沪港深平衡混合,100016,混合型,61.18%,51.88%,中高风险
富国天利增长债券,100018,债券型,158.51%,117.57%,中风险
富国天益价值混合,100020,混合型,116.69%,71.50%,中高风险
富国天瑞强势混合,100022,混合型,50.97%,20.39%,中高风险
富国天合稳健优选混合,100026,混合型,143.47%,133.87%,中高风险
富国天成红利混合,100029,混合型,-3.44%,2.50%,中高风险
富国中证红利指数增强,100032,股票指数,91.00%,49.98%,高风险
富国优化增强债券A/B,100035,债券型,8.11%,14.37%,中风险
富国优化增强债券C,100037,债券型,7.65%,5.31%,中风险
富国沪深300指数增强,100038,股票指数,113.91%,49.98%,高风险
富国通胀通缩主题轮动混合,100039,混合型,25.86%,14.04%,中高风险
富国可转债,100051,债券型,87.90%,33.85%,中高风险
富国上证综指ETF联接,100053,联接基金,19.86%,42.30%,高风险
富国低碳环保混合,100056,混合型,119.91%,68.35%,中高风险
富国产业债券A,100058,债券型,16.80%,12.84%,中低风险
富国高新技术产业混合,100060,混合型,-0.77%,3.71%,中高风险
富国纯债债券发起A/B,100066,债券型,12.42%,10.30%,中低风险
富国纯债债券发起C,100068,债券型,10.75%,10.30%,中低风险
易方达平稳增长混合,110001,混合型,150.73%,104.57%,中高风险
易方达策略成长混合,110002,混合型,13.79%,-2.73%,中高风险
易方达上证50指数A,110003,股票指数,179.09%,80.09%,高风险
,110005,,,,中高风险
易方达稳健收益债券A,110007,债券型,106.25%,58.51%,中风险
易方达稳健收益债券B,110008,债券型,110.92%,58.51%,中风险
易方达价值精选混合,110009,混合型,42.01%,41.41%,中高风险
易方达价值成长混合,110010,混合型,-5.21%,3.53%,中高风险
易方达中小盘混合,110011,混合型,291.27%,104.57%,中高风险
易方达科汇灵活配置混合,110012,混合型,33.86%,60.40%,中高风险
易方达科翔混合,110013,混合型,165.35%,78.71%,中高风险
易方达行业领先混合,110015,混合型,115.71%,58.36%,中高风险
易方达增强回报债券A,110017,债券型,94.16%,58.59%,中风险
易方达增强回报债券B,110018,债券型,87.72%,58.59%,中风险
易方达深证100ETF联接A,110019,联接基金,25.14%,19.04%,高风险
易方达沪深300ETF联接A,110020,联接基金,26.81%,12.29%,高风险
易方达上证中盘ETF联接A,110021,联接基金,20.56%,24.27%,高风险
易方达消费行业股票,110022,股票型,226.70%,80.09%,高风险
易方达医疗保健行业混合,110023,混合型,39.12%,9.37%,中高风险
易方达资源行业混合,110025,混合型,0.13%,18.55%,中高风险
易方达创业板ETF联接A,110026,联接基金,-5.31%,2.27%,高风险
易方达安心回报债券A,110027,债券型,156.13%,46.08%,中风险
易方达安心回报债券B,110028,债券型,151.41%,46.08%,中风险
易方达科讯混合,110029,混合型,19.46%,15.57%,中高风险
易方达沪深300量化增强,110030,股票指数,36.58%,9.52%,高风险
易方达双债增强债券A,110035,债券型,9.10%,8.16%,中风险
易方达双债增强债券C,110036,债券型,8.23%,8.16%,中风险
易方达纯债债券A,110037,债券型,27.19%,19.50%,中低风险
易方达纯债债券C,110038,债券型,24.88%,19.50%,中低风险
易方达策略成长二号混合,112002,混合型,2.60%,11.58%,中高风险
国投瑞银融华债券,121001,混合型,42.63%,62.98%,中高风险
国投瑞银景气行业混合,121002,混合型,26.16%,37.70%,中高风险
国投瑞银核心企业混合,121003,混合型,8.37%,6.47%,中高风险
国投瑞银创新动力混合,121005,混合型,13.45%,8.82%,中高风险
国投瑞银稳健增长混合,121006,混合型,21.09%,-4.33%,中高风险
国投瑞银成长优选混合,121008,混合型,55.86%,100.60%,中高风险
国投瑞银稳定增利债券,121009,债券型,27.72%,23.28%,中风险
国投瑞银瑞源灵活配置混合,121010,混合型,51.28%,64.76%,中高风险
国投瑞银优化增强债券A/B,121012,债券型,84.05%,52.22%,中风险
国投瑞银纯债债券A,121013,债券型,20.66%,40.80%,中低风险
国投瑞银纯债债券B,128013,债券型,21.58%,40.80%,中低风险
国投瑞银优化增强债券C,128112,债券型,78.59%,52.22%,中风险
银河银泰混合,150103,混合型,83.84%,89.48%,中高风险
银河稳健混合,151001,混合型,116.62%,35.06%,中高风险
银河收益债券,151002,债券型,89.01%,37.94%,中风险
易方达深证100ETF,159901,ETF-场内,21.63%,19.04%,高风险
华夏中小板ETF,159902,ETF-场内,-14.64%,1.87%,高风险
,159903,,,,高风险
工银深证红利ETF,159905,ETF-场内,174.28%,78.77%,高风险
大成深证成长40ETF,159906,ETF-场内,2.59%,9.25%,高风险
广发中小板300ETF,159907,ETF-场内,31.90%,25.09%,高风险
招商深证TMT50ETF,159909,ETF-场内,40.33%,26.85%,高风险
嘉实深证基本面120ETF,159910,ETF-场内,43.61%,15.34%,高风险
鹏华深证民营ETF,159911,ETF-场内,36.53%,67.49%,高风险
汇添富深证300ETF,159912,ETF-场内,37.69%,43.91%,高风险
交银深证300价值ETF,159913,ETF-场内,98.72%,72.94%,高风险
易方达创业板ETF,159915,ETF-场内,-5.64%,2.27%,高风险
深F60ETF,159916,ETF-场内,39.80%,15.09%,高风险
嘉实中创400ETF,159918,ETF-场内,61.91%,51.27%,高风险
嘉实沪深300ETF,159919,ETF-场内,16.70%,5.03%,中高风险
华夏恒生ETF(QDII),159920,QDII-ETF,56.84%,34.96%,高风险
嘉实中证500ETF,159922,ETF-场内,-24.11%,5.03%,高风险
大成中证100ETF,159923,ETF-场内,71.70%,56.08%,高风险
南方沪深300ETF,159925,ETF-场内,68.35%,60.48%,中高风险
嘉实中证中期国债ETF,159926,ETF-场内,7.30%,14.45%,中低风险
汇添富中证主要消费ETF,159928,ETF-场内,94.77%,0.79%,中高风险
汇添富中证医药卫生ETF,159929,ETF-场内,47.25%,52.12%,中高风险
汇添富中证能源ETF,159930,ETF-场内,19.36%,36.32%,高风险
汇添富中证金融地产ETF,159931,ETF-场内,68.12%,36.32%,中高风险
大成中证500深市ETF,159932,ETF-场内,-21.84%,17.57%,高风险
国投瑞银金融地产ETF,159933,ETF-场内,120.61%,66.55%,高风险
易方达黄金ETF,159934,ETF-场内,16.86%,8.38%,高风险
南方积极配置混合(LOF),160105,混合型,19.13%,36.11%,中高风险
南方高增长混合(LOF),160106,混合型,24.41%,54.22%,中高风险
南方中证500ETF联接A,160119,联接基金,47.44%,64.72%,高风险
南方新兴消费增长分级,160127,股票型,44.69%,1.15%,高风险
南方金利定开债(LOF)A,160128,定开债券,61.71%,49.80%,中低风险
南方金利定开债(LOF)C,160129,定开债券,58.18%,49.80%,中低风险
南方永利1年定开债A,160130,定开债券,8.05%,17.66%,中风险
国泰中小盘成长混合(LOF),160211,混合型,24.24%,6.16%,中高风险
国泰估值优势混合(LOF),160212,混合型,58.86%,54.16%,中高风险
国泰价值经典混合(LOF),160215,混合型,147.79%,68.92%,中高风险
国泰信用互利分级债券,160217,债券型,60.03%,61.60%,中风险
国泰国证房地产行业指数分级,160218,股票指数,56.37%,55.16%,高风险
国泰国证医药卫生行业指数分级,160219,股票指数,54.55%,88.75%,高风险
华夏蓝筹混合(LOF),160311,混合型,68.02%,56.87%,中高风险
华夏行业混合(LOF),160314,混合型,-8.96%,3.17%,中高风险
华安量化多因子混合(LOF),160415,混合型,6.39%,72.78%,中高风险
华安标普全球石油指数,160416,QDII-指数,-6.98%,2.51%,高风险
华安沪深300指数分级,160417,股票指数,90.11%,114.93%,高风险
博时主题行业混合(LOF),160505,混合型,48.61%,30.66%,中高风险
博时卓越品牌混合(LOF),160512,混合型,9.48%,5.61%,中高风险
博时稳健回报债券(LOF)A,160513,债券型,40.23%,37.54%,中风险
博时稳健回报债券(LOF)C,160514,债券型,32.67%,37.54%,中风险
博时安丰18个月定开债A,160515,定开债券,42.52%,35.15%,中低风险
鹏华普天债券A,160602,债券型,36.15%,35.23%,中风险
鹏华普天收益混合,160603,混合型,22.13%,13.24%,中高风险
鹏华中国50混合,160605,混合型,21.34%,6.33%,中高风险
鹏华价值优势混合(LOF),160607,混合型,1.92%,8.97%,中高风险
鹏华普天债券B,160608,债券型,34.14%,35.23%,中风险
鹏华动力增长混合(LOF),160610,混合型,8.99%,14.80%,中高风险
鹏华优质治理混合(LOF),160611,混合型,20.96%,7.52%,中高风险
鹏华丰收债券,160612,债券型,12.16%,7.89%,中风险
鹏华盛世创新混合(LOF),160613,混合型,196.31%,105.09%,中高风险
鹏华沪深300指数(LOF)A,160615,股票指数,28.57%,9.52%,高风险
鹏华中证500指数(LOF)A,160616,股票指数,62.17%,48.90%,高风险
鹏华丰润债券(LOF),160617,债券型,46.26%,43.77%,中风险
鹏华资源分级,160620,股票指数,-11.80%,25.97%,高风险
鹏华丰和债券(LOF)A,160621,债券型,53.11%,52.74%,中风险
嘉实沪深300ETF联接A,160706,联接基金,16.32%,5.03%,高风险
嘉实基本面50指数(LOF)A,160716,股票指数,52.80%,15.34%,高风险
嘉实恒生中国企业,160717,QDII-指数,28.03%,30.64%,高风险
嘉实多利分级债券,160718,债券型,41.65%,55.62%,中风险
嘉实黄金,160719,QDII,28.52%,31.74%,高风险
嘉实中证企业债指数A,160720,债券指数,16.24%,14.45%,中低风险
嘉实中证企业债指数C,160721,债券指数,15.90%,14.45%,中低风险
长盛同智优势混合(LOF),160805,混合型,14.33%,34.23%,中高风险
长盛同庆中证800(LOF),160806,股票指数,8.00%,4.81%,高风险
长盛沪深300指数(LOF),160807,股票指数,63.27%,83.82%,高风险
长盛同瑞中证200分级,160808,股票指数,3.11%,4.81%,高风险
大成创新成长混合(LOF),160910,混合型,31.03%,9.37%,中高风险
大成景丰债券(LOF),160915,债券型,47.73%,25.42%,中风险
大成优选混合(LOF),160916,混合型,6.90%,-11.91%,中高风险
富国天惠成长混合A,161005,混合型,1083.96%,552.69%,中高风险
富国天丰强化债券(LOF),161010,债券型,90.98%,81.53%,中风险
富国天盈债券(LOF),161015,债券型,18.32%,21.85%,中风险
富国中证500指数(LOF),161017,股票指数,93.02%,69.35%,高风险
富国新天锋债券(LOF),161019,债券型,12.07%,5.62%,中低风险
富国创业板指数分级,161022,股票指数,4.25%,59.95%,高风险
易方达岁丰添利债券(LOF),161115,债券型,70.68%,35.28%,中风险
易方达永旭定开债,161117,定开债券,42.50%,36.31%,中低风险
易方达中小板指数分级,161118,股票指数,-5.14%,19.04%,高风险
易方达中债新综指(LOF)A,161119,债券指数,35.37%,38.02%,中低风险
易方达中债新综指(LOF)C,161120,债券指数,33.35%,38.02%,中低风险
国投瑞银沪深300指数分级,161207,股票指数,94.98%,64.98%,高风险
国投沪深300金融地产联接,161211,联接基金,28.30%,20.50%,高风险
国投瑞银中证消费服务指数,161213,股票指数,88.10%,80.00%,高风险
国投瑞银双债债券(LOF)A,161216,债券型,31.69%,22.45%,中风险
国投瑞银中证资源指数,161217,股票指数,19.84%,70.90%,高风险
国投瑞银新兴产业混合,161219,混合型,72.38%,18.46%,中高风险
银河通利债券(LOF)A,161505,债券型,9.85%,9.74%,中风险
银河通利债券(LOF)C,161506,债券型,9.24%,9.74%,中风险
融通新蓝筹混合,161601,混合型,12.86%,11.58%,中高风险
融通债券A/B,161603,债券型,43.83%,45.71%,中低风险
融通深证100指数A,161604,股票指数,50.47%,58.05%,高风险
融通蓝筹成长混合,161605,混合型,143.16%,192.19%,中高风险
融通行业景气混合,161606,混合型,98.99%,93.43%,中高风险
融通巨潮100指数A(LOF),161607,股票指数,25.80%,19.16%,高风险
融通动力先锋混合,161609,混合型,4.24%,11.70%,中高风险
融通领先成长混合(LOF),161610,混合型,25.52%,10.66%,中高风险
融通内需驱动混合,161611,混合型,5.92%,11.58%,中高风险
融通深证成份指数A,161612,股票指数,-7.00%,3.53%,高风险
融通创业板指数A,161613,股票指数,-28.29%,3.53%,高风险
融通四季添利债券(LOF),161614,债券型,25.47%,16.80%,中风险
融通医疗保健行业混合,161616,混合型,66.62%,90.27%,中高风险
融通岁岁添利定开债A,161618,定开债券,30.18%,22.98%,中低风险
融通岁岁添利定开债B,161619,定开债券,28.24%,22.98%,中低风险
融通可转债债券A,161624,债券型,-1.30%,5.86%,中高风险
融通可转债债券C,161625,债券型,-1.78%,5.86%,中高风险
融通债券C,161693,债券型,40.83%,45.71%,中低风险
招商优质成长混合(LOF),161706,混合型,45.68%,56.95%,中高风险
招商信用添利债券(LOF),161713,债券型,27.56%,27.15%,中低风险
招商沪深300高贝塔指数分级,161718,股票指数,-17.24%,0.98%,高风险
银华内需精选混合(LOF),161810,混合型,10.30%,1.42%,中高风险
,161812,,,,高风险
银华信用债券(LOF),161813,债券型,22.01%,24.42%,中风险
银华中证等权90指数分级,161816,股票指数,37.85%,85.83%,高风险
银华消费分级混合,161818,混合型,37.69%,59.82%,中高风险
银华中证内地资源指数分级,161819,股票指数,-7.61%,-2.58%,高风险
银华纯债信用债券(LOF),161820,债券型,31.90%,32.04%,中低风险
银华中证800分级,161825,股票指数,39.65%,71.66%,高风险
银华中证转债指数增强分级,161826,债券指数,-3.78%,9.79%,高风险
万家增强收益债券,161902,债券型,3.98%,5.48%,中风险
万家行业优选混合(LOF),161903,混合型,26.83%,-6.42%,中高风险
万家中证红利指数(LOF),161907,股票指数,6.39%,2.33%,高风险
万家添利债券(LOF),161908,债券型,26.98%,31.57%,中风险
万家强化收益定开债,161911,定开债券,48.85%,42.31%,中低风险
长城久富混合(LOF),162006,混合型,31.77%,64.78%,中高风险
金鹰中小盘精选混合,162102,混合型,31.61%,42.31%,中高风险
泰达宏利成长混合,162201,混合型,-38.65%,-5.39%,中高风险
泰达宏利周期混合,162202,混合型,38.11%,38.84%,中高风险
泰达宏利稳定混合,162203,混合型,55.30%,80.57%,中高风险
泰达宏利行业混合,162204,混合型,-0.25%,1.14%,中高风险
泰达宏利风险预算混合,162205,混合型,91.08%,63.95%,中高风险
泰达宏利效率优选混合,162207,混合型,39.74%,72.00%,中高风险
泰达宏利首选企业股票,162208,股票型,38.00%,47.62%,高风险
泰达宏利市值优选混合,162209,混合型,15.68%,14.76%,中高风险
泰达宏利集利债券A,162210,债券型,9.92%,7.77%,中风险
泰达宏利品质生活混合,162211,混合型,15.93%,16.82%,中高风险
泰达宏利红利先锋混合,162212,混合型,21.25%,17.44%,中高风险
泰达宏利沪深300指数增强A,162213,股票指数,76.34%,26.43%,高风险
泰达宏利领先中小盘混合,162214,混合型,19.43%,12.29%,中高风险
泰达宏利500指数分级,162216,股票指数,83.63%,40.12%,高风险
泰达宏利集利债券C,162299,债券型,9.00%,7.77%,中风险
海富通中证100指数,162307,股票指数,17.98%,3.12%,高风险
国联安双禧中证100指数,162509,股票指数,53.89%,41.15%,高风险
景顺长城鼎益混合(LOF),162605,混合型,116.58%,12.84%,中高风险
景顺长城资源垄断混合,162607,混合型,31.80%,8.83%,中高风险
广发小盘成长混合(LOF),162703,混合型,17.69%,8.95%,中高风险
广发中证500ETF联接A,162711,联接基金,24.42%,78.77%,高风险
广发聚利债券(LOF)A,162712,债券型,93.11%,60.21%,中风险
广发深证100指数分级,162714,股票指数,21.03%,8.66%,高风险
泰信基本面400指数分级,162907,股票指数,-13.37%,17.28%,高风险
申万菱信深证成指分级,163109,股票指数,-1.35%,22.36%,高风险
申万菱信量化小盘股票,163110,股票型,16.30%,-18.54%,高风险
诺安创业板指数增强(LOF),163209,股票指数,-15.24%,79.21%,高风险
诺安纯债定开债A,163210,定开债券,56.62%,42.31%,中低风险
诺安纯债定开债C,163211,定开债券,52.71%,42.31%,中低风险
大摩资源优选混合(LOF),163302,混合型,25.26%,23.00%,中高风险
兴全趋势投资混合(LOF),163402,混合型,165.36%,71.36%,中高风险
兴全合润分级混合,163406,混合型,302.14%,85.65%,中高风险
兴全沪深300指数(LOF)A,163407,股票指数,98.26%,39.78%,高风险
兴全绿色投资混合(LOF),163409,混合型,20.10%,30.60%,中高风险
兴全精选混合,163411,混合型,28.00%,3.70%,中高风险
兴全轻资产混合(LOF),163412,混合型,105.86%,37.00%,中高风险
兴全商业模式优选混合,163415,混合型,22.64%,6.81%,中高风险
天治核心成长混合(LOF),163503,混合型,-2.93%,-3.98%,中高风险
中银中国混合(LOF),163801,混合型,44.84%,72.54%,中高风险
中银持续增长混合A,163803,混合型,32.49%,71.62%,中高风险
中银收益混合A,163804,混合型,393.93%,268.69%,中高风险
中银策略混合,163805,混合型,157.13%,114.47%,中高风险
中银增利债券,163806,债券型,66.16%,62.38%,中风险
中银优选混合,163807,混合型,189.10%,132.06%,中高风险
中银中证100指数增强,163808,股票指数,4.78%,-27.14%,高风险
中银蓝筹混合,163809,混合型,-7.32%,6.04%,中高风险
中银价值混合,163810,混合型,-0.63%,10.28%,中高风险
中银双利债券A,163811,债券型,63.33%,56.16%,中风险
中银双利债券B,163812,债券型,58.25%,56.16%,中风险
中银转债增强债券A,163816,债券型,98.50%,57.75%,中高风险
中银转债增强债券B,163817,债券型,92.50%,57.75%,中高风险
中银中小盘成长混合,163818,混合型,-26.22%,11.63%,中高风险
中银信用增利债券(LOF),163819,债券型,64.80%,57.47%,中风险
中银沪深300等权重指数,163821,股票指数,-43.54%,-27.14%,高风险
中银主题策略混合,163822,混合型,6.75%,2.77%,中高风险
中银稳健策略混合,163823,混合型,80.47%,105.75%,中高风险
中银盛利定开债(LOF),163824,定开债券,30.43%,26.03%,中低风险
华富强化回报债券(LOF),164105,债券型,77.23%,43.41%,中风险
华泰柏瑞信用增利债,164606,债券型,19.17%,31.55%,中风险
汇添富季季红定开债,164702,定开债券,57.52%,50.15%,中风险
工银中证500指数,164809,股票指数,-9.44%,54.09%,高风险
工银纯债定开债,164810,定开债券,24.81%,30.16%,中低风险
交银信用添利债券(LOF),164902,债券型,43.89%,46.96%,中风险
,165309,,,,高风险
建信信用增强债券(LOF)A,165311,债券型,48.07%,50.09%,中风险
建信优势动力混合(LOF),165313,混合型,44.00%,82.31%,中高风险
信诚深度价值混合(LOF),165508,混合型,3.03%,1.09%,中高风险
信诚增强收益债券(LOF),165509,债券型,63.33%,45.58%,中风险
信诚中证500指数分级,165511,股票指数,6.32%,6.27%,高风险
,165512,,,,中高风险
信诚沪深300指数分级,165515,股票指数,34.20%,24.54%,高风险
信诚周期轮动混合(LOF),165516,混合型,164.93%,88.31%,中高风险
信诚中证800医药指数分级,165519,股票指数,26.07%,18.03%,高风险
信诚中证800有色指数分级,165520,股票指数,-21.00%,18.03%,高风险
诺德深证300指数分级,165707,股票指数,-19.29%,2.25%,高风险
中欧新趋势混合A,166001,混合型,167.40%,66.11%,中高风险
中欧新蓝筹混合A,166002,混合型,210.81%,69.06%,中高风险
中欧价值发现混合A,166005,混合型,31.62%,3.39%,中高风险
中欧行业成长混合(LOF)A,166006,混合型,29.56%,31.54%,中高风险
中欧增强回报债券(LOF)A,166008,债券型,21.50%,26.02%,中风险
中欧新动力混合(LOF)A,166009,混合型,7.76%,2.37%,中高风险
中欧价值智选混合A,166019,混合型,13.64%,6.08%,中高风险
中欧成长优选混合A,166020,混合型,21.19%,14.27%,中高风险
浙商聚潮新思维混合,166801,混合型,30.96%,10.28%,中高风险
民生加银平稳增利A,166902,定开债券,35.35%,30.50%,中低风险
民生加银平稳增利C,166903,定开债券,33.27%,30.50%,中低风险
民生加银平稳添利债券A,166904,定开债券,33.42%,23.53%,中低风险
民生加银平稳添利债券C,166905,定开债券,31.50%,23.53%,中低风险
银华优势企业混合,180001,混合型,23.62%,82.54%,中高风险
银华保本增值混合,180002,保本型,23.03%,35.92%,中低风险
银华-道琼斯88指数A,180003,股票指数,-0.39%,-3.99%,高风险
银华优质增长混合,180010,混合型,2.99%,9.14%,中高风险
银华富裕主题混合,180012,混合型,44.06%,19.07%,中高风险
银华领先策略混合,180013,混合型,-2.17%,1.16%,中高风险
银华增强收益债券,180015,债券型,17.62%,11.83%,中风险
银华和谐主题混合,180018,混合型,-15.66%,-12.28%,中高风险
银华成长先锋混合,180020,混合型,-33.92%,1.16%,中高风险
银华信用双利债券A,180025,债券型,37.25%,32.58%,中风险
银华信用双利债券C,180026,债券型,36.39%,32.58%,中风险
银华中小盘混合,180031,混合型,73.23%,16.13%,中高风险
银华上证50等权ETF联接,180033,联接基金,23.30%,85.98%,高风险
长城久恒灵活配置混合,200001,混合型,4.54%,-15.39%,中高风险
长城久泰沪深300指数A,200002,股票指数,265.14%,234.98%,高风险
长城消费增值混合,200006,混合型,6.34%,1.80%,中高风险
长城安心回报混合,200007,混合型,7.83%,9.07%,中高风险
长城品牌优选混合,200008,混合型,115.15%,77.89%,中高风险
长城稳健增利债券,200009,债券型,14.84%,12.15%,中风险
长城双动力混合,200010,混合型,3.44%,3.67%,中高风险
长城景气行业龙头混合,200011,混合型,-8.03%,-1.13%,中高风险
长城中小盘成长混合,200012,混合型,52.11%,111.05%,中高风险
长城积极增利债券A,200013,债券型,54.31%,44.67%,中风险
长城优化升级混合,200015,混合型,69.88%,120.21%,中高风险
长城稳健成长灵活配置混合,200016,混合型,61.14%,92.80%,中高风险
长城积极增利债券C,200113,债券型,50.16%,44.67%,中风险
南方稳健成长混合,202001,混合型,89.37%,113.98%,中高风险
南方稳健成长贰号混合,202002,混合型,90.64%,113.98%,中高风险
南方绩优成长混合A,202003,混合型,86.27%,54.22%,中高风险
南方成份精选混合A,202005,混合型,14.36%,2.18%,中高风险
南方隆元产业主题混合,202007,混合型,6.24%,2.13%,中高风险
南方盛元红利混合,202009,混合型,6.33%,2.86%,中高风险
南方优选价值混合A,202011,混合型,34.18%,12.84%,中高风险
南方沪深300联接基金A,202015,联接基金,62.12%,60.48%,高风险
,202017,,,,高风险
南方策略优化混合,202019,混合型,145.85%,111.04%,中高风险
南方小康ETF联接A,202021,联接基金,12.07%,4.50%,高风险
南方优选成长混合A,202023,混合型,31.96%,-7.46%,中高风险
南方上证380ETF联接A,202025,联接基金,30.14%,27.43%,高风险
南方高端装备灵活配置混合A,202027,混合型,-9.22%,-11.18%,中高风险
南方宝元债券A,202101,债券型,63.72%,42.69%,中风险
南方多利增强债券C,202102,债券型,52.71%,54.88%,中风险
南方多利增强债券A,202103,债券型,56.73%,54.88%,中风险
南方广利回报债券A/B,202105,债券型,-1.50%,9.55%,中风险
南方广利回报债券C,202107,债券型,-2.67%,9.55%,中风险
南方润元纯债债券A/B,202108,债券型,11.38%,28.02%,中低风险
南方润元纯债债券C,202110,债券型,10.37%,28.02%,中低风险
南方避险增值混合,202202,保本型,49.29%,42.33%,中低风险
南方中证100指数A,202211,股票指数,34.62%,89.77%,高风险
南方平衡配置混合,202212,混合型,66.87%,66.06%,中高风险
南方核心竞争混合,202213,混合型,39.42%,61.50%,中高风险
鹏华精选成长混合,206002,混合型,129.48%,115.32%,中高风险
鹏华信用增利债券A,206003,债券型,44.56%,47.28%,中风险
鹏华信用增利债券B,206004,债券型,42.23%,47.28%,中风险
鹏华上证民企50ETF联接,206005,联接基金,45.78%,67.24%,高风险
鹏华消费优选混合,206007,混合型,145.70%,59.58%,中高风险
鹏华丰盛债券,206008,债券型,21.36%,17.96%,中风险
鹏华新兴产业混合,206009,混合型,151.64%,62.18%,中高风险
鹏华深证民营ETF联接,206010,联接基金,32.66%,67.49%,高风险
鹏华价值精选股票,206012,股票型,11.23%,7.23%,高风险
鹏华纯债债券,206015,债券型,35.22%,44.99%,中低风险
鹏华产业债债券,206018,债券型,55.07%,43.37%,中低风险
金鹰成份优选混合,210001,混合型,-0.94%,0.21%,中高风险
金鹰红利价值混合,210002,混合型,38.59%,39.68%,中高风险
金鹰行业优势混合,210003,混合型,97.60%,78.78%,中高风险
金鹰稳健成长混合,210004,混合型,72.79%,34.73%,中高风险
金鹰主题优势混合,210005,混合型,98.10%,73.54%,中高风险
金鹰技术领先灵活配置混合A,210007,混合型,24.50%,20.65%,中高风险
金鹰策略配置混合,210008,混合型,-18.75%,3.51%,中高风险
金鹰核心资源混合,210009,混合型,7.41%,15.32%,中高风险
金鹰灵活配置混合A,210010,混合型,8.95%,2.15%,中高风险
金鹰灵活配置混合C,210011,混合型,7.69%,2.15%,中高风险
宝盈鸿利收益灵活配置混合A,213001,混合型,47.26%,13.06%,中高风险
宝盈泛沿海增长混合,213002,混合型,54.68%,82.86%,中高风险
宝盈策略增长混合,213003,混合型,34.19%,38.12%,中高风险
宝盈核心优势混合A,213006,混合型,3.31%,12.27%,中高风险
宝盈增强收益债券A/B,213007,债券型,83.38%,74.60%,中风险
宝盈资源优选混合,213008,混合型,110.60%,32.22%,中高风险
宝盈中证100指数增强A,213010,股票指数,22.59%,-0.54%,高风险
宝盈增强收益债券C,213917,债券型,72.05%,69.43%,中风险
招商安泰混合,217001,混合型,103.54%,74.35%,中高风险
招商安泰平衡混合,217002,混合型,55.19%,79.95%,中高风险
招商安泰债券A,217003,债券型,17.07%,11.68%,中低风险
招商先锋混合,217005,混合型,60.77%,36.48%,中高风险
招商安本增利债券,217008,债券型,2.79%,5.65%,中风险
招商核心价值混合,217009,混合型,24.51%,32.83%,中高风险
招商大盘蓝筹混合,217010,混合型,160.79%,114.65%,中高风险
招商安心收益债券,217011,债券型,53.70%,43.36%,中风险
招商行业领先混合A,217012,混合型,101.69%,76.49%,中高风险
招商中小盘混合,217013,混合型,32.60%,40.56%,中高风险
招商深证100指数A,217016,股票指数,25.83%,15.11%,高风险
招商上证消费80ETF联接A,217017,联接基金,24.53%,8.49%,高风险
招商安瑞进取债券,217018,债券型,79.20%,46.53%,中风险
招商深证TMT50ETF联接A,217019,联接基金,34.30%,26.85%,高风险
招商安达灵活配置混合,217020,混合型,34.94%,72.98%,中高风险
招商优势企业混合,217021,混合型,83.95%,63.34%,中高风险
招商产业债券A,217022,债券型,31.64%,16.06%,中风险
招商信用增强债券,217023,债券型,10.39%,8.29%,中风险
招商安盈债券,217024,债券型,13.08%,14.77%,中风险
招商央视财经50指数A,217027,股票指数,53.60%,45.89%,高风险
招商安泰债券B,217203,债券型,15.47%,11.68%,中低风险
泰达宏利逆向策略混合,229002,混合型,102.11%,71.16%,中高风险
大摩基础行业混合,233001,混合型,91.89%,49.34%,中高风险
大摩强收益债券,233005,债券型,34.70%,25.36%,中风险
大摩领先优势混合,233006,混合型,64.22%,45.76%,中高风险
大摩卓越成长混合,233007,混合型,103.91%,75.93%,中高风险
大摩消费领航混合,233008,混合型,24.71%,16.97%,中高风险
大摩多因子策略混合,233009,混合型,7.60%,-2.69%,中高风险
大摩深证300指数增强,233010,股票指数,26.93%,24.69%,高风险
大摩主题优选混合,233011,混合型,117.74%,76.93%,中高风险
大摩多元收益债券A,233012,债券型,83.10%,54.06%,中风险
大摩多元收益债券C,233013,债券型,77.50%,54.06%,中风险
大摩量化配置混合,233015,混合型,6.08%,7.52%,中高风险
华宝宝康消费品,240001,混合型,71.86%,59.87%,中高风险
华宝宝康配置混合,240002,混合型,215.81%,201.89%,中高风险
华宝宝康债券,240003,债券型,72.64%,73.63%,中风险
华宝动力组合,240004,混合型,38.37%,54.50%,中高风险
华宝多策略增长开放,240005,股票型,50.36%,48.58%,高风险
华宝收益增长混合,240008,混合型,-0.83%,23.97%,中高风险
华宝先进成长混合,240009,混合型,89.49%,90.79%,中高风险
华宝行业精选混合,240010,混合型,9.31%,72.56%,中高风险
华宝大盘精选混合,240011,混合型,66.80%,102.81%,中高风险
华宝增强收益债券A,240012,债券型,28.99%,32.11%,中风险
华宝增强收益债券B,240013,债券型,26.63%,32.11%,中风险
华宝中证100指数A,240014,股票指数,99.09%,77.38%,高风险
华宝上证180价值联接,240016,联接基金,47.73%,32.10%,高风险
华宝新兴产业混合,240017,混合型,-27.92%,4.73%,中高风险
华宝可转债债券,240018,债券型,0.54%,9.52%,中高风险
华宝中证银行ETF联接A,240019,联接基金,89.93%,80.41%,高风险
华宝医药生物混合,240020,混合型,124.09%,86.57%,中高风险
华宝资源优选混合,240022,混合型,51.68%,101.20%,中高风险
国联安安心成长混合,253010,混合型,-3.85%,9.35%,中高风险
国联安增利债券A,253020,债券型,19.80%,12.12%,中风险
国联安增利债券B,253021,债券型,18.71%,12.12%,中风险
国联安信心增益债券,253030,债券型,7.83%,7.74%,中风险
,255010,,,,中高风险
国联安小盘精选混合,257010,混合型,86.01%,65.55%,中高风险
国联安精选混合,257020,混合型,101.47%,83.18%,中高风险
,257030,,,,中高风险
国联安红利混合,257040,混合型,85.89%,69.47%,中高风险
国联安主题驱动混合,257050,混合型,18.87%,12.29%,中高风险
国联安上证商品ETF联接,257060,联接基金,-47.65%,49.43%,高风险
国联安优选行业混合,257070,混合型,88.71%,71.29%,中高风险
景顺长城优选混合,260101,混合型,227.50%,310.16%,中高风险
景顺长城动力平衡混合,260103,混合型,191.10%,317.94%,中高风险
景顺长城内需增长混合,260104,混合型,74.76%,65.34%,中高风险
景顺长城新兴成长混合,260108,混合型,92.42%,4.73%,中高风险
景顺长城内需贰号混合,260109,混合型,66.07%,65.34%,中高风险
景顺长城精选蓝筹混合,260110,混合型,78.73%,53.62%,中高风险
景顺长城公司治理混合,260111,混合型,33.30%,11.40%,中高风险
景顺长城能源基建混合,260112,混合型,159.81%,72.94%,中高风险
景顺长城中小盘混合,260115,混合型,84.97%,66.04%,中高风险
景顺长城核心竞争力混合A,260116,混合型,254.27%,97.70%,中高风险
景顺长城支柱产业混合,260117,混合型,25.46%,10.15%,中高风险
景顺长城稳定收益债券A,261001,债券型,1.50%,2.10%,中风险
景顺长城优信增利债券A,261002,债券型,1.12%,2.10%,中风险
景顺长城稳定收益债券C,261101,债券型,1.42%,2.10%,中风险
景顺长城优信增利债券C,261102,债券型,0.93%,2.10%,中风险
景顺长城大中华混合,262001,QDII,37.03%,27.28%,高风险
广发聚富混合,270001,混合型,244.10%,172.45%,中高风险
广发稳健增长混合,270002,混合型,96.45%,38.91%,中高风险
广发聚丰混合,270005,混合型,499.95%,552.91%,中高风险
广发策略优选混合,270006,混合型,11.14%,36.33%,中高风险
广发大盘成长混合,270007,混合型,112.96%,84.03%,中高风险
广发核心精选混合,270008,混合型,31.39%,26.11%,中高风险
广发增强债券,270009,债券型,83.32%,85.58%,中风险
广发沪深300ETF联接A,270010,联接基金,87.29%,78.77%,高风险
广发聚瑞混合,270021,混合型,21.58%,7.46%,中高风险
广发内需增长混合,270022,混合型,29.47%,18.17%,中高风险
广发行业领先混合A,270025,混合型,26.57%,18.17%,中高风险
广发中小板300联接,270026,联接基金,20.34%,26.08%,高风险
广发制造业精选混合,270028,混合型,6.20%,-0.54%,中高风险
广发聚财信用债券A,270029,债券型,64.45%,57.29%,中风险
广发聚财信用债券B,270030,债券型,60.30%,57.29%,中风险
广发消费品精选混合,270041,混合型,59.90%,14.77%,中高风险
广发双债添利债券A,270044,债券型,25.75%,7.74%,中低风险
广发双债添利债券C,270045,债券型,24.86%,7.74%,中低风险
广发纯债债券A,270048,债券型,44.25%,49.98%,中低风险
广发纯债债券C,270049,债券型,42.12%,49.98%,中低风险
广发新经济混合,270050,混合型,13.96%,10.15%,中高风险
华夏经典混合,288001,混合型,201.24%,172.65%,中高风险
华夏收入混合,288002,混合型,173.04%,129.96%,中高风险
华夏稳定双利债券C,288102,债券型,29.74%,36.17%,中风险
泰信先行策略混合,290002,混合型,46.90%,49.04%,中高风险
泰信双息双利债券,290003,债券型,47.32%,82.55%,中风险
泰信优质生活混合,290004,混合型,-16.14%,8.76%,中高风险
泰信优势增长混合,290005,混合型,30.65%,57.69%,中高风险
泰信蓝筹精选混合,290006,混合型,10.28%,10.19%,中高风险
泰信债券增强收益A,290007,债券型,43.36%,66.76%,中风险
泰信发展主题混合,290008,混合型,50.06%,41.11%,中高风险
泰信周期回报债券,290009,债券型,39.84%,52.86%,中风险
泰信中证200指数,290010,股票指数,-7.32%,17.28%,高风险
泰信中小盘精选混合,290011,混合型,-0.52%,1.40%,中高风险
泰信现代服务业混合,290014,混合型,18.75%,17.60%,中高风险
泰信债券增强收益C,291007,债券型,37.96%,66.76%,中风险
申万菱信盛利精选混合,310308,混合型,224.16%,256.30%,中高风险
申万菱信沪深300指数增强,310318,股票指数,103.64%,56.24%,高风险
申万菱信新动力混合,310328,混合型,136.20%,123.57%,中高风险
申万菱信新经济混合,310358,混合型,5.68%,5.81%,中高风险
申万菱信竞争优势混合,310368,混合型,39.07%,69.38%,中高风险
申万菱信消费增长混合,310388,混合型,53.73%,12.97%,中高风险
申万菱信沪深300价值指数,310398,股票指数,32.12%,2.66%,高风险
申万菱信稳益宝债券,310508,债券型,10.24%,8.93%,中风险
申万菱信可转债债券,310518,债券型,32.45%,42.15%,中高风险
诺安平衡混合,320001,混合型,7.13%,1.78%,中高风险
诺安先锋混合,320003,混合型,374.59%,465.45%,中高风险
诺安优化收益债券,320004,债券型,53.22%,45.87%,中风险
诺安价值增长混合,320005,混合型,133.89%,148.83%,中高风险
诺安灵活配置混合,320006,混合型,-9.54%,9.78%,中高风险
诺安成长混合,320007,混合型,39.09%,44.74%,中高风险
诺安增利债券A,320008,债券型,-7.34%,9.30%,中风险
诺安增利债券B,320009,债券型,-9.14%,9.30%,中风险
诺安中证100指数,320010,股票指数,118.01%,79.21%,高风险
诺安中小盘精选混合,320011,混合型,101.31%,38.42%,中高风险
诺安主题精选混合,320012,混合型,59.72%,25.61%,中高风险
诺安多策略混合,320016,混合型,60.90%,44.57%,中高风险
诺安新动力混合,320018,混合型,80.68%,46.74%,中高风险
诺安双利债券发起,320021,债券型,40.54%,8.00%,中风险
兴全可转债混合,340001,混合型,24.01%,26.69%,中高风险
兴全全球视野股票,340006,股票型,327.63%,89.92%,高风险
兴全社会责任混合,340007,混合型,427.22%,149.34%,中高风险
兴全有机增长混合,340008,混合型,28.89%,3.37%,中高风险
兴全磐稳增利债券,340009,债券型,15.55%,9.92%,中风险
天治财富增长混合,350001,混合型,73.67%,58.54%,中高风险
天治中国制造2025,350005,混合型,-16.12%,-18.68%,中高风险
天治稳健双盈债券,350006,债券型,43.26%,34.17%,中风险
天治趋势精选混合,350007,混合型,1.15%,32.71%,中高风险
天治新消费混合,350008,混合型,90.80%,56.27%,中高风险
天治研究驱动混合A,350009,混合型,26.84%,66.52%,中高风险
光大量化股票,360001,股票型,7.43%,3.95%,高风险
光大红利混合,360005,混合型,5.26%,7.17%,中高风险
光大新增长混合,360006,混合型,84.31%,82.47%,中高风险
光大优势配置混合,360007,混合型,-1.03%,11.58%,中高风险
光大增利收益债券A,360008,债券型,27.63%,37.60%,中风险
光大增利收益债券C,360009,债券型,25.13%,37.60%,中风险
光大均衡精选混合,360010,混合型,125.48%,71.58%,中高风险
光大动态优选混合,360011,混合型,-9.51%,-10.05%,中高风险
光大中小盘混合,360012,混合型,77.51%,71.63%,中高风险
光大信用添益债券A,360013,债券型,35.32%,37.60%,中风险
光大信用添益债券C,360014,债券型,33.27%,37.60%,中风险
光大行业轮动混合,360016,混合型,83.95%,70.60%,中高风险
上投摩根分红添利债券A,370021,债券型,7.08%,9.76%,中风险
上投摩根分红添利债券B,370022,债券型,5.62%,9.76%,中风险
上投摩根中证消费服务指数,370023,股票指数,82.91%,86.63%,高风险
上投摩根核心优选混合,370024,混合型,173.88%,121.38%,中高风险
上投摩根智选30混合,370027,混合型,31.90%,49.42%,中高风险
上投摩根纯债债券A,371020,债券型,31.37%,34.54%,中低风险
上投摩根纯债债券B,371120,债券型,29.12%,34.54%,中低风险
上投摩根强化回报债券A,372010,债券型,34.46%,42.75%,中风险
上投摩根强化回报债券B,372110,债券型,32.12%,42.75%,中风险
上投摩根双息平衡混合A,373010,混合型,71.38%,89.52%,中高风险
上投摩根双核平衡混合,373020,混合型,12.84%,8.35%,中高风险
上投摩根中国优势混合,375010,混合型,1.63%,0.60%,中高风险
上投摩根大盘蓝筹股票,376510,股票型,57.20%,78.36%,高风险
上投摩根阿尔法混合,377010,混合型,17.35%,34.76%,中高风险
上投摩根内需动力混合,377020,混合型,3.18%,36.37%,中高风险
上投摩根健康品质生活混合,377150,混合型,6.96%,5.91%,中高风险
上投摩根新兴动力混合A,377240,混合型,169.50%,62.34%,中高风险
上投摩根行业轮动混合A,377530,混合型,32.91%,38.32%,中高风险
上投摩根成长先锋混合,378010,混合型,40.13%,13.80%,中高风险
上投摩根中小盘混合,379010,混合型,12.65%,33.36%,中高风险
中银纯债债券A,380005,债券型,24.13%,20.24%,中低风险
中银纯债债券C,380006,债券型,22.75%,20.24%,中低风险
中银添利债券发起A,380009,债券型,39.16%,20.24%,中风险
中海稳健收益债券,395001,债券型,42.10%,44.76%,中风险
中海增强收益债券A,395011,债券型,36.53%,54.42%,中风险
中海增强收益债券C,395012,债券型,31.38%,54.42%,中风险
中海优质成长混合,398001,混合型,-19.19%,3.59%,中高风险
中海分红增利混合,398011,混合型,-4.36%,53.39%,中高风险
中海能源策略混合,398021,混合型,46.31%,99.86%,中高风险
中海蓝筹混合,398031,混合型,23.47%,73.52%,中高风险
中海量化策略混合,398041,混合型,-4.57%,12.22%,中高风险
中海环保新能源混合,398051,混合型,5.21%,5.55%,中高风险
中海消费混合,398061,混合型,8.66%,3.59%,中高风险
中海上证50指数增强,399001,股票指数,81.36%,67.69%,高风险
中海医疗保健主题股票,399011,股票型,51.69%,30.90%,高风险
东方龙混合,400001,混合型,27.32%,19.68%,中高风险
东方精选混合,400003,混合型,6.19%,8.38%,中高风险
东方策略成长混合,400007,混合型,4.86%,6.20%,中高风险
东方稳健回报债券,400009,债券型,11.74%,21.25%,中风险
东方核心动力混合,400011,混合型,6.88%,4.70%,中高风险
东方新能源汽车混合,400015,混合型,-19.36%,1.79%,中高风险
东方强化收益债券,400016,债券型,5.91%,5.12%,中风险
东方成长回报平衡混合,400020,混合型,29.99%,56.66%,中高风险
华富竞争力优选混合,410001,混合型,145.55%,106.09%,中高风险
华富成长趋势混合,410003,混合型,99.13%,102.73%,中高风险
华富收益增强债券A,410004,债券型,95.34%,55.78%,中风险
华富收益增强债券B,410005,债券型,89.95%,55.78%,中风险
华富策略精选混合,410006,混合型,26.97%,28.90%,中高风险
华富价值增长混合,410007,混合型,84.82%,54.95%,中高风险
华富中证100指数,410008,股票指数,17.59%,-5.22%,高风险
华富量子生命力混合,410009,混合型,8.01%,7.75%,中高风险
华富中小板指数增强,410010,股票指数,-13.20%,-5.17%,高风险
天弘精选混合,420001,混合型,55.23%,89.63%,中高风险
天弘永利债券A,420002,债券型,46.41%,52.10%,中风险
天弘永定价值成长混合,420003,混合型,120.35%,67.63%,中高风险
天弘周期策略混合,420005,混合型,77.69%,49.73%,中高风险
天弘债券发起式A,420008,债券型,15.57%,28.66%,中风险
天弘安康颐养混合,420009,混合型,59.55%,87.33%,中高风险
天弘永利债券B,420102,债券型,50.51%,52.10%,中风险
天弘债券发起式B,420108,债券型,14.23%,28.66%,中风险
国富中国收益混合,450001,混合型,76.75%,63.00%,中高风险
国富弹性市值混合,450002,混合型,104.80%,38.32%,中高风险
国富潜力组合混合A,450003,混合型,81.85%,63.64%,中高风险
国富深化价值混合,450004,混合型,31.53%,10.66%,中高风险
国富强化收益债券A,450005,债券型,86.75%,82.57%,中风险
国富强化收益债券C,450006,债券型,76.77%,74.39%,中风险
国富成长动力混合,450007,混合型,139.33%,111.32%,中高风险
国富沪深300指数增强,450008,股票指数,52.73%,61.12%,高风险
国富中小盘股票,450009,股票型,164.67%,52.98%,高风险
国富策略回报混合,450010,混合型,48.87%,80.28%,中高风险
国富研究精选混合,450011,混合型,61.70%,92.18%,中高风险
国富恒久信用债券A,450018,债券型,43.06%,53.81%,中低风险
国富恒久信用债券C,450019,债券型,40.49%,53.81%,中低风险
国富亚洲机会股票(QDII),457001,QDII,27.35%,28.03%,高风险
华泰柏瑞盛世中国混合,460001,混合型,58.42%,65.33%,中高风险
华泰柏瑞积极成长混合A,460002,混合型,87.92%,92.92%,中高风险
华泰柏瑞稳本增利债券B,460003,债券型,27.76%,51.66%,中风险
华泰柏瑞价值增长混合,460005,混合型,151.85%,61.13%,中高风险
华泰柏瑞行业领先混合,460007,混合型,119.31%,57.06%,中高风险
华泰柏瑞稳健收益债券A,460008,债券型,38.62%,41.42%,中低风险
华泰柏瑞量化先行混合,460009,混合型,76.15%,97.13%,中高风险
华泰柏瑞稳健收益债券C,460108,债券型,35.80%,41.42%,中低风险
华泰柏瑞上证中小盘ETF联接,460220,联接基金,88.90%,89.77%,高风险
华泰柏瑞沪深300ETF联接A,460300,联接基金,115.10%,126.93%,高风险
汇添富医药保健混合A,470006,混合型,9.80%,-5.07%,中高风险
汇添富上证综合指数,470007,股票指数,22.60%,46.70%,高风险
汇添富策略回报混合,470008,混合型,93.24%,68.65%,中高风险
汇添富民营活力混合A,470009,混合型,13.98%,22.15%,中高风险
汇添富多元收益债券A,470010,债券型,71.84%,54.51%,中风险
汇添富多元收益债券C,470011,债券型,67.35%,54.51%,中风险
汇添富双利债券A,470018,债券型,11.68%,5.01%,中风险
汇添富社会责任混合,470028,混合型,27.44%,15.84%,中高风险
汇添富可转换债券A,470058,债券型,53.32%,44.64%,中高风险
汇添富可转换债券C,470059,债券型,49.58%,44.64%,中高风险
汇添富深证300ETF联接,470068,联接基金,33.36%,43.91%,高风险
汇添富增强收益债券C,470078,债券型,54.85%,69.71%,中风险
汇添富逆向投资混合,470098,混合型,164.06%,89.64%,中高风险
工银核心价值混合A,481001,混合型,83.67%,97.01%,中高风险
工银稳健成长混合A,481004,混合型,86.83%,109.46%,中高风险
工银红利混合,481006,混合型,33.88%,80.99%,中高风险
工银大盘蓝筹混合,481008,混合型,120.91%,115.34%,中高风险
工银沪深300指数A,481009,股票指数,63.34%,54.09%,高风险
工银中小盘混合,481010,混合型,55.83%,81.37%,中高风险
工银深证红利ETF联接A,481012,联接基金,159.30%,78.77%,高风险
工银消费服务混合,481013,混合型,67.12%,41.48%,中高风险
工银主题策略混合,481015,混合型,92.08%,85.35%,中高风险
工银量化策略混合,481017,混合型,127.00%,94.18%,中高风险
工银精选平衡混合,483003,混合型,89.32%,109.46%,中高风险
工银增强收益债券B,485005,债券型,101.95%,100.10%,中风险
工银添利债券B,485007,债券型,7.31%,6.72%,中风险
工银瑞信双利债券B,485011,债券型,92.10%,59.31%,中风险
工银添颐债券B,485014,债券型,95.50%,60.04%,中风险
工银信用纯债债券B,485019,债券型,24.42%,52.62%,中低风险
工银增强收益债券A,485105,债券型,111.93%,100.10%,中风险
工银添利债券A,485107,债券型,7.76%,6.72%,中风险
工银瑞信双利债券A,485111,债券型,99.13%,59.31%,中风险
工银添颐债券A,485114,债券型,105.90%,60.04%,中风险
工银信用纯债债券A,485119,债券型,28.11%,52.62%,中低风险
工银瑞信灵活配置混合A,487016,混合型,33.36%,91.07%,中高风险
交银上证180公司治理ETF,510010,ETF-场内,78.84%,72.94%,高风险
博时上证超大盘ETF,510020,ETF-场内,-14.71%,-27.14%,高风险
华宝上证180价值ETF,510030,ETF-场内,39.26%,32.10%,高风险
华夏上证50ETF,510050,ETF-场内,31.88%,3.99%,高风险
工银上证央企ETF,510060,ETF-场内,68.20%,71.63%,高风险
民企ETF,510070,ETF-场内,49.00%,67.24%,高风险
长盛全债指数增强债券,510080,债券指数,103.74%,67.05%,中风险
长盛动态精选混合,510081,混合型,-11.74%,1.49%,中高风险
建信责任ETF,510090,ETF-场内,48.87%,10.01%,高风险
海富通上证周期ETF,510110,ETF-场内,22.05%,6.28%,高风险
海富通上证非周期ETF,510120,ETF-场内,3.80%,6.28%,高风险
中盘ETF,510130,ETF-场内,20.00%,23.49%,高风险
招商上证消费80ETF,510150,ETF-场内,27.41%,23.04%,高风险
中证南方小康产业指数ETF,510160,ETF-场内,11.97%,4.50%,高风险
国联安上证商品ETF,510170,ETF-场内,-49.28%,48.30%,高风险
华安上证180ETF,510180,ETF-场内,44.21%,58.26%,高风险
华安上证龙头ETF,510190,ETF-场内,47.15%,57.08%,高风险
上证综指ETF,510210,ETF-场内,36.58%,49.98%,高风险
华泰柏瑞上证中小盘ETF,510220,ETF-场内,97.17%,89.77%,高风险
国泰上证180金融ETF,510230,ETF-场内,122.39%,78.60%,高风险
诺安上证新兴产业ETF,510260,ETF-场内,17.10%,32.55%,高风险
中银上证国企100ETF,510270,ETF-场内,-29.21%,-27.14%,高风险
南方上证380ETF,510290,ETF-场内,36.70%,25.00%,高风险
华泰柏瑞沪深300ETF,510300,ETF-场内,104.27%,123.64%,中高风险
易方达沪深300发起式ETF,510310,ETF-场内,27.51%,12.29%,中高风险
华夏沪深300ETF,510330,ETF-场内,80.20%,73.05%,中高风险
博时上证自然资源ETF,510410,ETF-场内,-11.73%,5.80%,高风险
银华上证50等权ETF,510430,ETF-场内,46.10%,79.72%,高风险
大成中证500沪市ETF,510440,ETF-场内,49.20%,81.84%,高风险
南方中证500ETF,510500,ETF-场内,50.34%,64.72%,高风险
广发中证500ETF,510510,ETF-场内,27.81%,78.77%,高风险
华夏消费ETF,510630,ETF-场内,76.16%,-0.96%,高风险
上证金融地产发起式ETF,510650,ETF-场内,98.58%,70.10%,高风险
华夏医药ETF,510660,ETF-场内,68.61%,68.01%,高风险
华泰柏瑞上证红利ETF,510880,ETF-场内,215.61%,288.30%,中高风险
国泰上证5年期国债ETF,511010,ETF-场内,10.53%,9.33%,高风险
银华日利A,511880,其他创新,7.67%,8.84%,中风险
易方达沪深300医药ETF,512010,ETF-场内,62.96%,60.38%,高风险
国泰黄金ETF,518800,ETF-场内,26.32%,76.14%,高风险
华安黄金易ETF,518880,ETF-场内,17.81%,77.38%,高风险
银华价值优选混合,519001,混合型,51.64%,84.48%,中高风险
华安安信消费混合,519002,混合型,96.71%,24.54%,中高风险
海富通收益增长混合,519003,混合型,-14.01%,-14.54%,中高风险
海富通股票混合,519005,混合型,7.04%,8.35%,中高风险
海富通强化回报混合,519007,混合型,7.43%,3.03%,中高风险
汇添富优势精选混合,519008,混合型,141.73%,72.98%,中高风险
海富通精选混合,519011,混合型,10.73%,12.67%,中高风险
海富通风格优势混合,519013,混合型,21.88%,14.38%,中高风险
海富通精选贰号混合,519015,混合型,14.37%,12.67%,中高风险
大成积极成长混合,519017,混合型,143.29%,93.68%,中高风险
汇添富均衡增长混合,519018,混合型,58.97%,58.94%,中高风险
大成景阳领先混合,519019,混合型,14.60%,18.55%,中高风险
国泰金鼎价值混合,519021,混合型,82.07%,69.78%,中高风险
海富通稳健添利债券C,519023,债券型,20.82%,17.73%,中风险
海富通稳健添利债券A,519024,债券型,21.93%,17.73%,中风险
海富通领先成长混合,519025,混合型,2.14%,29.32%,中高风险
海富通中小盘混合,519026,混合型,21.03%,14.76%,中高风险
海富通上证周期ETF联接,519027,联接基金,19.71%,6.28%,高风险
华夏稳增混合,519029,混合型,19.14%,17.79%,中高风险
海富通稳固收益债券,519030,债券型,22.16%,13.81%,中风险
海富通上证非周期ETF联接,519032,联接基金,2.32%,6.28%,高风险
海富通国策导向混合,519033,混合型,17.79%,33.85%,中高风险
海富通中证内地低碳指数,519034,股票指数,-6.73%,3.12%,高风险
富国天博创新主题混合,519035,混合型,104.62%,74.39%,中高风险
长盛同德主题混合,519039,混合型,-14.70%,1.49%,中高风险
海富通安颐收益混合A,519050,混合型,21.13%,15.29%,中高风险
汇添富蓝筹稳健混合,519066,混合型,147.97%,36.38%,中高风险
汇添富成长焦点混合,519068,混合型,200.92%,73.70%,中高风险
汇添富价值精选混合A,519069,混合型,37.70%,4.93%,中高风险
汇添富增强收益债券A,519078,债券型,75.07%,84.30%,中风险
新华优选分红混合,519087,混合型,501.94%,391.05%,中高风险
新华优选成长混合,519089,混合型,76.94%,10.82%,中高风险
新华泛资源优势混合,519091,混合型,73.16%,63.43%,中高风险
新华钻石品质企业混合,519093,混合型,157.10%,127.66%,中高风险
新华行业周期轮换混合,519095,混合型,101.80%,62.81%,中高风险
新华中小市值优选混合,519097,混合型,113.84%,55.25%,中高风险
新华灵活主题混合,519099,混合型,15.18%,7.45%,中高风险
长盛中证100指数,519100,股票指数,62.56%,47.41%,高风险
浦银安盛价值成长混合A,519110,混合型,84.08%,80.05%,中高风险
浦银安盛优化收益债券A,519111,债券型,9.67%,4.90%,中风险
浦银安盛优化收益债券C,519112,债券型,9.13%,4.90%,中风险
浦银安盛精致生活混合,519113,混合型,60.52%,64.40%,中高风险
浦银安盛红利精选混合,519115,混合型,38.87%,38.31%,中高风险
浦银安盛沪深300指数增强,519116,股票指数,56.30%,48.79%,高风险
浦银安盛基本面400指数,519117,股票指数,37.40%,66.05%,高风险
浦银安盛新兴产业混合,519120,混合型,75.40%,82.55%,中高风险
新华优选消费混合,519150,混合型,201.73%,90.45%,中高风险
新华纯债添利债券发起A,519152,债券型,47.44%,49.50%,中低风险
新华纯债添利债券发起C,519153,债券型,43.95%,49.50%,中低风险
新华行业灵活配置混合A,519156,混合型,40.41%,-20.26%,中高风险
新华趋势领航混合,519158,混合型,129.69%,70.41%,中高风险
新华增怡债券A,519162,债券型,46.00%,44.01%,中风险
新华增怡债券C,519163,债券型,49.31%,44.01%,中风险
万家180指数,519180,股票指数,37.74%,40.98%,高风险
万家和谐增长混合,519181,混合型,7.71%,1.16%,中高风险
万家双引擎灵活配置混合,519183,混合型,10.26%,15.33%,中高风险
万家精选混合,519185,混合型,44.96%,35.17%,中高风险
万家稳健增利债券A,519186,债券型,43.87%,47.14%,中风险
万家稳健增利债券C,519187,债券型,40.87%,47.14%,中风险
万家信用恒利债券A,519188,债券型,34.03%,42.48%,中低风险
万家信用恒利债券C,519189,债券型,30.55%,42.48%,中低风险
大成沪深300指数A,519300,股票指数,27.17%,23.26%,高风险
华泰柏瑞稳本增利债券A,519519,债券型,30.16%,51.66%,中风险
海富通中国海外混合,519601,QDII,12.55%,7.01%,高风险
海富通大中华混合(QDII),519602,QDII,11.48%,7.01%,高风险
银河增利债券A,519660,债券型,10.50%,9.74%,中风险
银河增利债券C,519661,债券型,9.57%,9.74%,中风险
银河久益回报6个月定开A,519662,定开债券,6.05%,9.46%,中低风险
银河久益回报6个月定开C,519663,定开债券,4.86%,9.46%,中低风险
银河银信添利债券B,519666,债券型,49.53%,59.06%,中风险
银河银信添利债券A,519667,债券型,54.44%,59.06%,中风险
银河成长混合,519668,混合型,48.38%,35.89%,中高风险
银河领先债券,519669,债券型,55.45%,52.80%,中低风险
银河行业混合,519670,混合型,76.23%,70.12%,中高风险
银河沪深300价值指数,519671,股票指数,67.70%,38.16%,高风险
银河蓝筹混合,519672,混合型,153.40%,135.04%,中高风险
银河创新成长混合,519674,混合型,116.79%,40.85%,中高风险
银河消费混合,519678,混合型,83.37%,106.09%,中高风险
银河主题混合,519679,混合型,4.54%,22.95%,中高风险
交银增利债券A/B,519680,债券型,45.55%,34.80%,中风险
交银增利债券C,519682,债券型,41.56%,34.80%,中风险
交银双利债券A/B,519683,债券型,23.96%,18.98%,中风险
交银双利债券C,519685,债券型,22.38%,18.98%,中风险
交银上证180公司治理联接,519686,联接基金,75.67%,72.94%,高风险
交银精选混合,519688,混合型,65.48%,43.77%,中高风险
交银稳健配置混合A,519690,混合型,1.70%,8.36%,中高风险
交银成长混合A,519692,混合型,-8.04%,10.64%,中高风险
交银蓝筹混合,519694,混合型,43.27%,29.19%,中高风险
交银优势行业混合,519697,混合型,97.57%,16.76%,中高风险
交银先锋混合,519698,混合型,51.53%,72.28%,中高风险
交银主题优选混合,519700,混合型,127.44%,158.86%,中高风险
交银趋势混合,519702,混合型,108.75%,60.37%,中高风险
交银深证300价值ETF联接,519706,联接基金,87.47%,72.94%,高风险
交银阿尔法核心混合,519712,混合型,105.94%,22.50%,中高风险
交银消费新驱动股票,519714,股票型,80.02%,89.13%,高风险
交银纯债债券发起A,519718,债券型,13.45%,36.23%,中低风险
交银纯债债券发起C,519720,债券型,12.74%,36.23%,中低风险
交银双轮动债券A/B,519723,债券型,18.29%,11.63%,中低风险
交银双轮动债券C,519725,债券型,15.90%,11.63%,中低风险
交银稳固收益债券,519726,债券型,7.41%,8.53%,中风险
交银成长30混合,519727,混合型,48.83%,69.70%,中高风险
交银定期支付月月丰债券A,519730,债券型,7.80%,4.51%,中风险
交银定期支付月月丰债券C,519731,债券型,7.30%,4.51%,中风险
交银定期支付双息平衡混合,519732,混合型,83.44%,3.25%,中高风险
华夏兴华混合A,519908,混合型,58.10%,78.38%,中高风险
长信可转债债券C,519976,债券型,120.85%,43.94%,中高风险
长信可转债债券A,519977,债券型,131.23%,43.94%,中高风险
长信内需成长混合A,519979,混合型,176.47%,106.90%,中高风险
长信量化先锋混合A,519983,混合型,36.84%,21.52%,中高风险
长信纯债壹号债券A,519985,债券型,49.15%,62.30%,中低风险
长信恒利优势混合,519987,混合型,51.76%,57.29%,中高风险
长信利丰债券C,519989,债券型,4.44%,3.83%,中风险
长信双利优选混合A,519991,混合型,93.14%,88.33%,中高风险
长信增利动态策略混合,519993,混合型,20.33%,21.52%,中高风险
长信金利趋势混合,519995,混合型,14.25%,10.05%,中高风险
长信银利精选混合,519997,混合型,95.30%,96.97%,中高风险
建信恒久价值混合,530001,混合型,-6.41%,-5.08%,中高风险
建信优选成长混合A,530003,混合型,153.97%,98.65%,中高风险
建信优化配置混合,530005,混合型,36.66%,41.57%,中高风险
建信核心精选混合,530006,混合型,13.65%,4.84%,中高风险
建信稳定增利债券C,530008,债券型,21.83%,12.87%,中风险
建信收益增强债券A,530009,债券型,80.23%,70.49%,中风险
建信上证社会责任ETF联接,530010,联接基金,44.34%,10.01%,高风险
建信内生动力混合,530011,混合型,66.95%,47.71%,中高风险
建信积极配置混合,530012,混合型,120.88%,76.07%,中高风险
建信深证基本面60ETF联接A,530015,联接基金,36.55%,15.09%,高风险
建信恒稳价值混合,530016,混合型,70.06%,72.68%,中高风险
建信双息红利债券A,530017,债券型,3.42%,5.89%,中风险
,530018,,,,高风险
建信社会责任混合,530019,混合型,90.80%,99.39%,中高风险
建信转债增强债券A,530020,债券型,148.00%,40.00%,中高风险
建信纯债债券A,530021,债券型,36.10%,52.74%,中低风险
建信收益增强债券C,531009,债券型,73.25%,70.49%,中风险
建信转债增强债券C,531020,债券型,144.40%,40.00%,中高风险
建信纯债债券C,531021,债券型,32.60%,52.74%,中低风险
汇丰晋信2016周期混合,540001,混合型,27.61%,54.77%,中高风险
汇丰晋信龙腾混合,540002,混合型,111.37%,110.96%,中高风险
汇丰晋信动态策略混合A,540003,混合型,163.33%,152.67%,中高风险
汇丰晋信2026周期混合,540004,混合型,28.02%,3.08%,中高风险
汇丰晋信平稳增利债券A,540005,债券型,18.52%,32.30%,中风险
汇丰晋信大盘股票A,540006,股票型,200.75%,55.42%,高风险
汇丰晋信中小盘股票,540007,股票型,58.51%,71.21%,高风险
汇丰晋信低碳先锋股票,540008,股票型,40.03%,3.47%,高风险
汇丰晋信消费红利股票,540009,股票型,57.73%,15.95%,高风险
汇丰晋信科技先锋股票,540010,股票型,116.16%,91.30%,高风险
汇丰晋信恒生龙头指数A,540012,股票指数,108.36%,78.37%,高风险
汇丰晋信平稳增利债券C,541005,债券型,17.16%,32.30%,中风险
信诚四季红混合,550001,混合型,21.24%,70.84%,中高风险
,550002,,,,中高风险
中信保诚盛世蓝筹混合,550003,混合型,91.37%,96.80%,中高风险
信诚三得益债券A,550004,债券型,54.97%,45.04%,中风险
信诚三得益债券B,550005,债券型,51.09%,45.04%,中风险
,550008,,,,中高风险
信诚中小盘混合,550009,混合型,55.36%,74.61%,中高风险
信诚优质纯债债券A,550018,债券型,56.43%,45.04%,中低风险
信诚优质纯债债券B,550019,债券型,51.34%,45.04%,中低风险
益民红利成长混合,560002,混合型,-35.51%,-6.87%,中高风险
益民创新优势混合,560003,混合型,-10.55%,10.07%,中高风险
益民核心增长混合,560006,混合型,-2.63%,10.07%,中高风险
诺德价值优势混合,570001,混合型,79.89%,47.71%,中高风险
诺德成长优势混合,570005,混合型,53.43%,8.67%,中高风险
诺德中小盘混合,570006,混合型,-7.50%,1.86%,中高风险
诺德优选30混合,570007,混合型,18.85%,11.50%,中高风险
诺德周期策略混合,570008,混合型,174.50%,139.71%,中高风险
诺德灵活配置混合,571002,混合型,94.16%,74.70%,中高风险
诺德增强收益债券,573003,债券型,6.53%,5.85%,中风险
东吴嘉禾优势精选混合,580001,混合型,15.72%,78.81%,中高风险
东吴双动力混合,580002,混合型,-19.65%,-23.76%,中高风险
东吴行业轮动混合,580003,混合型,121.23%,116.79%,中高风险
东吴进取策略混合,580005,混合型,0.36%,-0.60%,中高风险
东吴新经济混合,580006,混合型,-7.53%,1.27%,中高风险
东吴安享量化混合,580007,混合型,143.97%,164.03%,中高风险
东吴新产业精选混合,580008,混合型,230.22%,134.94%,中高风险
东吴多策略灵活配置混合,580009,混合型,130.90%,135.65%,中高风险
东吴优信稳健债券A,582001,债券型,-1.87%,37.63%,中风险
东吴增利债券A,582002,债券型,32.01%,31.59%,中风险
东吴优信稳健债券C,582201,债券型,-3.73%,37.63%,中风险
东吴增利债券C,582202,债券型,29.29%,31.59%,中风险
东吴中证新兴指数,585001,股票指数,27.11%,37.93%,高风险
中邮核心优选混合,590001,混合型,19.36%,17.44%,中高风险
中邮核心成长混合,590002,混合型,19.13%,7.58%,中高风险
中邮核心优势灵活配置混合,590003,混合型,-5.50%,-13.89%,中高风险
中邮核心主题混合,590005,混合型,-10.80%,21.52%,中高风险
中邮中小盘灵活配置混合,590006,混合型,22.72%,16.39%,中高风险
中邮上证380指数增强,590007,股票指数,5.73%,14.99%,高风险
中邮战略新兴产业混合,590008,混合型,10.79%,5.91%,中高风险
中邮稳定收益债券A,590009,债券型,51.24%,52.55%,中低风险
中邮稳定收益债券C,590010,债券型,48.12%,52.55%,中低风险
信达澳银领先增长混合,610001,混合型,20.83%,17.25%,中高风险
信达澳银精华配置混合,610002,混合型,44.87%,2.90%,中高风险
信达澳银稳定价值债券A,610003,债券型,65.28%,66.59%,中风险
信达澳银中小盘混合,610004,混合型,3.77%,1.31%,中高风险
信达澳银红利回报混合,610005,混合型,44.18%,17.68%,中高风险
信达澳银产业升级混合,610006,混合型,3.54%,27.12%,中高风险
信达澳银消费优选混合,610007,混合型,-14.66%,0.62%,中高风险
信达澳银信用债债券A,610008,债券型,19.50%,33.30%,中风险
信达澳银稳定价值债券B,610103,债券型,59.23%,66.59%,中风险
信达澳银信用债债券C,610108,债券型,16.70%,33.30%,中风险
金元顺安宝石动力混合,620001,混合型,35.98%,91.15%,中高风险
金元顺安成长动力混合,620002,混合型,11.94%,3.18%,中高风险
金元顺安丰利债券,620003,债券型,38.21%,40.77%,中风险
金元顺安价值增长混合,620004,混合型,65.47%,54.88%,中高风险
金元顺安消费主题混合,620006,混合型,1.52%,10.02%,中高风险
金元顺安优质精选混合A,620007,混合型,15.35%,85.20%,中高风险
金元顺安新经济主题混合,620008,混合型,-11.58%,-7.85%,中高风险
华商领先企业混合,630001,混合型,-17.69%,13.22%,中高风险
华商盛世成长混合,630002,混合型,1.10%,0.65%,中高风险
华商收益增强债券A,630003,债券型,3.74%,5.45%,中风险
华商动态阿尔法混合,630005,混合型,10.54%,16.72%,中高风险
华商产业升级混合,630006,混合型,69.39%,54.12%,中高风险
华商稳健双利债券A,630007,债券型,53.84%,59.32%,中风险
华商策略精选混合,630008,混合型,71.79%,77.60%,中高风险
华商稳定增利债券A,630009,债券型,67.80%,56.69%,中风险
华商价值精选混合,630010,混合型,-10.00%,7.34%,中高风险
华商主题精选混合,630011,混合型,1.51%,4.54%,中高风险
华商大盘量化精选混合,630015,混合型,11.64%,8.74%,中高风险
华商价值共享混合发起式,630016,混合型,18.12%,29.92%,中高风险
华商收益增强债券B,630103,债券型,3.40%,5.45%,中风险
华商稳健双利债券B,630107,债券型,47.89%,59.32%,中风险
华商稳定增利债券C,630109,债券型,61.72%,56.69%,中风险
英大纯债债券A,650001,债券型,21.73%,21.28%,中低风险
英大纯债债券C,650002,债券型,18.02%,21.28%,中低风险
农银行业成长混合A,660001,混合型,16.43%,69.38%,中高风险
农银恒久增利债券A,660002,债券型,63.92%,58.89%,中风险
农银平衡双利混合,660003,混合型,79.09%,71.50%,中高风险
农银策略价值混合,660004,混合型,-16.53%,-14.92%,中高风险
农银中小盘混合,660005,混合型,109.30%,82.93%,中高风险
农银大盘蓝筹混合,660006,混合型,2.24%,6.25%,中高风险
农银沪深300指数A,660008,股票指数,79.96%,77.96%,高风险
农银增强收益债券A,660009,债券型,66.36%,58.01%,中风险
农银策略精选混合,660010,混合型,44.22%,6.25%,中高风险
农银中证500指数,660011,股票指数,14.15%,70.58%,高风险
农银消费主题混合A,660012,混合型,137.88%,95.10%,中高风险
农银信用添利债券,660013,债券型,9.05%,7.91%,中风险
农银行业轮动混合,660015,混合型,104.87%,73.04%,中高风险
农银恒久增利债券C,660102,债券型,59.95%,58.89%,中风险
农银增强收益债券C,660109,债券型,61.67%,58.01%,中风险
西部利得策略优选混合,671010,混合型,4.05%,7.77%,中高风险
西部利得新动向混合,673010,混合型,53.39%,62.12%,中高风险
西部利得稳健双利债券A,675011,债券型,14.59%,9.76%,中风险
西部利得稳健双利债券C,675013,债券型,12.76%,9.76%,中风险
浙商聚盈纯债A,686868,债券型,11.86%,7.71%,中低风险
浙商聚盈纯债C,686869,债券型,11.58%,7.71%,中低风险
浙商聚潮产业成长混合,688888,混合型,11.01%,-10.13%,中高风险
民生加银品牌蓝筹混合,690001,混合型,102.20%,59.50%,中高风险
民生增强收益债券A,690002,债券型,132.45%,55.38%,中风险
民生加银精选混合,690003,混合型,-3.99%,-2.54%,中高风险
民生加银稳健成长混合,690004,混合型,23.91%,8.34%,中高风险
民生加银内需增长混合,690005,混合型,37.37%,8.34%,中高风险
民生加银信用双利债券A,690006,债券型,65.21%,49.99%,中风险
民生加银景气行业混合,690007,混合型,35.90%,16.86%,中高风险
民生中证内地资源主题指数,690008,股票指数,0.00%,20.47%,高风险
民生加银红利回报混合,690009,混合型,119.09%,48.18%,中高风险
民生加银积极成长混合发起式,690011,混合型,1.37%,1.15%,中高风险
民生增强收益债券C,690202,债券型,127.20%,55.38%,中风险
民生加银信用双利债券C,690206,债券型,62.97%,49.99%,中风险
平安行业先锋混合,700001,混合型,83.22%,27.87%,中高风险
平安深证300指数增强,700002,股票指数,35.84%,36.90%,高风险
平安策略先锋混合,700003,混合型,-7.97%,8.77%,中高风险
平安灵活配置混合,700004,混合型,14.21%,0.61%,中高风险
平安添利债券A,700005,债券型,10.26%,8.07%,中低风险
平安添利债券C,700006,债券型,9.45%,8.07%,中低风险
富安达优势成长混合,710001,混合型,21.73%,16.36%,中高风险
富安达策略精选混合,710002,混合型,13.42%,15.84%,中高风险
富安达增强收益债券A,710301,债券型,8.18%,41.83%,中高风险
富安达增强收益债券C,710302,债券型,5.55%,41.83%,中高风险
财通价值动量混合,720001,混合型,101.84%,52.98%,中高风险
财通多策略稳健增长债券A,720002,债券型,3.93%,5.50%,中风险
方正富邦创新动力混合A,730001,混合型,10.08%,7.68%,中高风险
方正富邦红利精选混合A,730002,混合型,18.60%,8.18%,中高风险
长安宏观策略混合,740001,混合型,11.55%,17.85%,中高风险
长安沪深300非周期,740101,股票指数,14.95%,15.76%,高风险
安信灵活配置混合,750001,混合型,10.78%,13.80%,中高风险
安信目标收益债券A,750002,债券型,14.90%,9.47%,中低风险
安信目标收益债券C,750003,债券型,13.22%,9.47%,中低风险
安信平稳增长混合发起A,750005,混合型,46.35%,46.14%,中高风险
国金国鑫发起,762001,混合型,189.68%,84.46%,中高风险
德邦优化混合,770001,混合型,17.02%,18.13%,中高风险
